Id,Name,Pos,Jersey_No,Country_ID,Caps,Club_ID,Age,Birthday_Year,Birthday_Month,Birthday_Date,Captain
0,Jefferson,GK,1,27,9,21,31,1983,1,2,FALSE
1,Dani Alves,DF,2,27,75,239,31,1983,5,6,FALSE
2,Thiago Silva,DF,3,27,46,87,29,1984,9,22,TRUE
3,David Luiz,DF,4,27,36,57,27,1987,4,22,FALSE
4,Fernandinho,MF,5,27,7,58,29,1985,5,4,FALSE
5,Marcelo,DF,6,27,31,240,26,1988,5,12,FALSE
6,Hulk,FW,7,27,35,219,27,1986,7,25,FALSE
7,Paulinho,MF,8,27,26,59,25,1988,7,25,FALSE
8,Fred,FW,9,27,33,22,30,1983,10,3,FALSE
9,Neymar,FW,10,27,49,239,22,1992,2,5,FALSE
10,Oscar,MF,11,27,31,57,22,1991,9,9,FALSE
11,Júlio César,GK,12,27,80,32,34,1979,9,3,FALSE
12,Dante,DF,13,27,12,108,30,1983,10,18,FALSE
13,Maxwell,DF,14,27,9,87,32,1981,8,27,FALSE
14,Henrique,DF,15,27,5,147,27,1986,10,14,FALSE
15,Ramires,MF,16,27,42,57,27,1987,3,24,FALSE
16,Luiz Gustavo,MF,17,27,19,109,26,1987,7,23,FALSE
17,Hernanes,MF,18,27,24,148,29,1985,5,29,FALSE
18,Willian,MF,19,27,7,57,25,1988,8,9,FALSE
19,Bernard,FW,20,27,11,279,21,1992,9,8,FALSE
20,Jô,FW,21,27,17,23,27,1987,3,20,FALSE
21,Victor,GK,22,27,6,23,31,1983,1,21,FALSE
22,Maicon,DF,23,27,72,149,32,1981,7,26,FALSE
23,Loïc Feudjou,GK,1,34,2,31,22,1992,4,14,FALSE
24,Benoît Assou-Ekotto,DF,2,34,22,60,30,1984,3,24,FALSE
25,Nicolas Nkoulou,DF,3,34,48,88,24,1990,3,27,FALSE
26,Cédric Djeugoué,DF,4,34,3,31,21,1992,8,28,FALSE
27,Dany Nounkeu,DF,5,34,16,266,28,1986,4,11,FALSE
28,Alex Song,MF,6,34,47,239,26,1987,9,9,FALSE
29,Landry N'Guémo,MF,7,34,40,89,28,1985,11,28,FALSE
30,Benjamin Moukandjo,FW,8,34,17,90,25,1988,11,12,FALSE
31,Samuel Eto'o,FW,9,34,117,57,33,1981,3,10,TRUE
32,Vincent Aboubakar,FW,10,34,24,91,22,1992,1,22,FALSE
33,Jean Makoun,MF,11,34,66,92,31,1983,5,29,FALSE
34,Henri Bedimo,DF,12,34,31,93,30,1984,6,4,FALSE
35,Eric Maxim Choupo-Moting,FW,13,34,26,110,25,1989,3,23,FALSE
36,Aurélien Chedjou,DF,14,34,31,267,28,1985,6,20,FALSE
37,Pierre Webó,FW,15,34,56,268,32,1982,1,20,FALSE
38,Charles Itandje,GK,16,34,9,269,31,1982,11,2,FALSE
39,Stéphane Mbia,MF,17,34,49,241,28,1986,5,20,FALSE
40,Eyong Enoh,MF,18,34,38,270,28,1986,3,23,FALSE
41,Fabrice Olinga,FW,19,34,8,13,18,1996,5,12,FALSE
42,Edgar Salli,MF,20,34,9,94,21,1992,8,17,FALSE
43,Joël Matip,MF,21,34,23,111,22,1991,8,8,FALSE
44,Allan Nyom,DF,22,34,10,242,26,1988,5,10,FALSE
45,Sammy N'Djock,GK,23,34,3,271,24,1990,2,25,FALSE
46,Stipe Pletikosa,GK,1,49,111,220,35,1979,1,8,FALSE
47,Šime Vrsaljko,DF,2,49,7,150,22,1992,1,10,FALSE
48,Danijel Pranji?,DF,3,49,50,130,32,1981,12,2,FALSE
49,Ivan Periši?,MF,4,49,29,109,25,1989,2,2,FALSE
50,Vedran ?orluka,DF,5,49,72,221,28,1986,2,5,FALSE
51,Dejan Lovren,DF,6,49,25,61,24,1989,7,5,FALSE
52,Ivan Rakiti?,MF,7,49,62,241,26,1988,3,10,FALSE
53,Ognjen Vukojevi?,MF,8,49,55,280,30,1983,12,20,FALSE
54,Nikica Jelavi?,FW,9,49,33,62,28,1985,8,27,FALSE
55,Luka Modri?,MF,10,49,75,240,28,1985,9,9,FALSE
56,Darijo Srna,DF,11,49,112,279,32,1982,5,1,TRUE
57,Oliver Zelenika,GK,12,49,0,50,21,1993,5,14,FALSE
58,Gordon Schildenfeld,DF,13,49,21,130,29,1985,3,18,FALSE
59,Marcelo Brozovi?,MF,14,49,1,51,21,1992,11,16,FALSE
60,Milan Badelj,MF,15,49,9,112,25,1989,2,25,FALSE
61,Ante Rebi?,FW,16,49,5,151,20,1993,9,21,FALSE
62,Mario Mandžuki?,FW,17,49,50,108,28,1986,5,21,FALSE
63,Ivica Oli?,FW,18,49,92,109,34,1979,9,14,FALSE
64,Sammir,MF,19,49,6,243,27,1987,4,23,FALSE
65,Mateo Kova?i?,MF,20,49,10,148,20,1994,5,6,FALSE
66,Domagoj Vida,DF,21,49,23,280,25,1989,4,29,FALSE
67,Eduardo,FW,22,49,63,279,31,1983,2,25,FALSE
68,Danijel Subaši?,GK,23,49,6,95,29,1984,10,27,FALSE
69,Jesús Corona,GK,1,123,34,178,33,1981,1,26,FALSE
70,Francisco Javier Rodríguez,DF,2,123,95,179,32,1981,10,20,FALSE
71,Carlos Salcido,DF,3,123,122,180,34,1980,4,2,FALSE
72,Rafael Márquez,DF,4,123,120,181,35,1979,2,13,TRUE
73,Diego Reyes,DF,5,123,14,210,21,1992,9,19,FALSE
74,Héctor Herrera,MF,6,123,13,210,24,1990,4,19,FALSE
75,Miguel Layún,DF,7,123,15,179,25,1988,6,25,FALSE
76,Marco Fabián,MF,8,123,15,178,24,1989,7,21,FALSE
77,Raúl Jiménez,FW,9,123,25,179,23,1991,5,5,FALSE
78,Giovani dos Santos,FW,10,123,76,244,25,1989,5,11,FALSE
79,Alan Pulido,FW,11,123,6,180,23,1991,3,8,FALSE
80,Alfredo Talavera,GK,12,123,14,182,31,1982,9,18,FALSE
81,Guillermo Ochoa,GK,13,123,59,96,28,1985,7,13,FALSE
82,Javier Hernández,FW,14,123,62,63,26,1988,6,1,FALSE
83,Héctor Moreno,DF,15,123,53,245,26,1988,1,17,FALSE
84,Miguel Ángel Ponce,DF,16,123,8,182,25,1989,4,12,FALSE
85,Isaác Brizuela,MF,17,123,7,182,23,1990,8,28,FALSE
86,Andrés Guardado,DF,18,123,104,113,27,1986,9,28,FALSE
87,Oribe Peralta,FW,19,123,33,183,30,1984,1,12,FALSE
88,Javier Aquino,MF,20,123,22,244,24,1990,2,11,FALSE
89,Carlos Peña,MF,21,123,16,181,24,1990,3,29,FALSE
90,Paul Aguilar,DF,22,123,30,179,28,1986,3,6,FALSE
91,José Juan Vázquez,MF,23,123,5,181,26,1988,3,14,FALSE
92,Mathew Ryan,GK,1,11,7,14,22,1992,4,8,FALSE
93,Ivan Franjic,DF,2,11,9,6,26,1987,9,10,FALSE
94,Jason Davidson,DF,3,11,7,190,22,1991,6,29,FALSE
95,Tim Cahill,FW,4,11,69,285,34,1979,12,6,FALSE
96,Mark Milligan,MF,5,11,29,7,28,1985,8,4,FALSE
97,Matthew Špiranovic,DF,6,11,18,8,25,1988,6,27,FALSE
98,Mathew Leckie,FW,7,11,8,114,23,1991,2,4,FALSE
99,Bailey Wright,DF,8,11,0,64,21,1992,7,28,FALSE
100,Adam Taggart,FW,9,11,5,9,21,1993,6,2,FALSE
101,Ben Halloran,MF,10,11,2,115,21,1992,6,14,FALSE
102,Tommy Oar,MF,11,11,15,191,22,1991,12,10,FALSE
103,Mitchell Langerak,GK,12,11,3,116,25,1988,8,22,FALSE
104,Oliver Bozanic,MF,13,11,3,258,25,1989,1,8,FALSE
105,James Troisi,MF,14,11,11,7,25,1988,7,3,FALSE
106,Mile Jedinak,MF,15,11,44,65,29,1984,8,3,TRUE
107,James Holland,MF,16,11,14,11,25,1989,5,15,FALSE
108,Matt McKay,MF,17,11,47,6,31,1983,1,11,FALSE
109,Eugene Galekovi?,GK,18,11,8,10,33,1981,6,12,FALSE
110,Ryan McGowan,DF,19,11,9,37,24,1989,8,15,FALSE
111,Dario Vidoši?,MF,20,11,23,259,27,1987,4,8,FALSE
112,Massimo Luongo,MF,21,11,1,66,21,1992,9,25,FALSE
113,Alex Wilkinson,DF,22,11,3,234,29,1984,8,13,FALSE
114,Mark Bresciano,MF,23,11,74,216,34,1980,2,11,FALSE
115,Claudio Bravo,GK,1,40,79,246,31,1983,4,13,TRUE
116,Eugenio Mena,DF,2,40,25,24,25,1988,7,18,FALSE
117,Miiko Albornoz,DF,3,40,2,256,23,1990,11,30,FALSE
118,Mauricio Isla,MF,4,40,47,152,26,1988,6,12,FALSE
119,Francisco Silva,MF,5,40,12,247,28,1986,2,11,FALSE
120,Carlos Carmona,MF,6,40,44,153,27,1987,2,21,FALSE
121,Alexis Sánchez,FW,7,40,67,239,25,1988,12,19,FALSE
122,Arturo Vidal,MF,8,40,54,152,27,1987,5,22,FALSE
123,Mauricio Pinilla,FW,9,40,27,154,30,1984,2,4,FALSE
124,Jorge Valdivia,MF,10,40,57,25,30,1983,10,3,FALSE
125,Eduardo Vargas,FW,11,40,30,248,24,1989,11,20,FALSE
126,Cristopher Toselli,GK,12,40,4,34,25,1988,6,22,FALSE
127,José Manuel Rojas,DF,13,40,19,35,31,1983,6,3,FALSE
128,Fabián Orellana,MF,14,40,26,249,28,1986,1,27,FALSE
129,Jean Beausejour,MF,15,40,59,67,30,1984,6,3,FALSE
130,Felipe Gutiérrez,MF,16,40,18,192,23,1990,10,8,FALSE
131,Gary Medel,DF,17,40,61,68,26,1987,8,3,FALSE
132,Gonzalo Jara,DF,18,40,65,69,28,1985,8,29,FALSE
133,José Pedro Fuenzalida,MF,19,40,23,36,29,1985,2,22,FALSE
134,Charles Aránguiz,MF,20,40,21,26,25,1989,4,17,FALSE
135,Marcelo Díaz,MF,21,40,21,260,27,1986,12,30,FALSE
136,Esteban Paredes,FW,22,40,35,36,33,1980,8,1,FALSE
137,Johnny Herrera,GK,23,40,8,35,33,1981,5,9,FALSE
138,Jasper Cillessen,GK,1,133,8,193,25,1989,4,22,FALSE
139,Ron Vlaar,DF,2,133,24,70,29,1985,2,16,FALSE
140,Stefan de Vrij,DF,3,133,12,194,22,1992,2,5,FALSE
141,Bruno Martins Indi,DF,4,133,16,194,22,1992,2,8,FALSE
142,Daley Blind,DF,5,133,12,193,24,1990,3,9,FALSE
143,Nigel de Jong,MF,6,133,71,155,29,1984,11,30,FALSE
144,Daryl Janmaat,DF,7,133,16,194,24,1989,7,22,FALSE
145,Jonathan de Guzmán,MF,8,133,10,71,26,1987,9,13,FALSE
146,Robin van Persie,FW,9,133,85,63,30,1983,8,6,TRUE
147,Wesley Sneijder,MF,10,133,99,267,30,1984,6,9,FALSE
148,Arjen Robben,FW,11,133,75,108,30,1984,1,23,FALSE
149,Paul Verhaegh,DF,12,133,2,117,30,1983,9,1,FALSE
150,Joël Veltman,DF,13,133,2,193,22,1992,1,15,FALSE
151,Terence Kongolo,DF,14,133,1,194,20,1994,2,14,FALSE
152,Dirk Kuyt,FW,15,133,98,268,33,1980,7,22,FALSE
153,Jordy Clasie,MF,16,133,8,194,22,1991,6,27,FALSE
154,Jeremain Lens,FW,17,133,22,280,26,1987,11,24,FALSE
155,Leroy Fer,MF,18,133,6,72,24,1990,1,5,FALSE
156,Klaas-Jan Huntelaar,FW,19,133,62,111,30,1983,8,12,FALSE
157,Georginio Wijnaldum,MF,20,133,5,195,23,1990,11,11,FALSE
158,Memphis Depay,FW,21,133,6,195,20,1994,2,13,FALSE
159,Michel Vorm,GK,22,133,14,71,30,1983,10,20,FALSE
160,Tim Krul,GK,23,133,5,73,26,1988,4,3,FALSE
161,Iker Casillas,GK,1,176,154,240,33,1981,5,20,TRUE
162,Raúl Albiol,DF,2,176,46,147,28,1985,9,4,FALSE
163,Gerard Piqué,DF,3,176,60,239,27,1987,2,2,FALSE
164,Javi Martínez,MF,4,176,17,108,25,1988,9,2,FALSE
165,Juanfran,DF,5,176,8,250,29,1985,1,9,FALSE
166,Andrés Iniesta,MF,6,176,97,239,30,1984,5,11,FALSE
167,David Villa,FW,7,176,96,250,32,1981,12,3,FALSE
168,Xavi,MF,8,176,132,239,34,1980,1,25,FALSE
169,Fernando Torres,FW,9,176,107,57,30,1984,3,20,FALSE
170,Cesc Fàbregas,MF,10,176,89,239,27,1987,5,4,FALSE
171,Pedro,FW,11,176,40,239,26,1987,7,28,FALSE
172,David de Gea,GK,12,176,1,63,23,1990,11,7,FALSE
173,Juan Mata,MF,13,176,33,63,26,1988,4,28,FALSE
174,Xabi Alonso,MF,14,176,111,240,32,1981,11,25,FALSE
175,Sergio Ramos,DF,15,176,117,240,28,1986,3,30,FALSE
176,Sergio Busquets,MF,16,176,65,239,25,1988,7,16,FALSE
177,Koke,MF,17,176,8,250,22,1992,1,8,FALSE
178,Jordi Alba,DF,18,176,26,239,25,1989,3,21,FALSE
179,Diego Costa,FW,19,176,2,250,25,1988,10,7,FALSE
180,Santi Cazorla,MF,20,176,64,74,29,1984,12,13,FALSE
181,David Silva,MF,21,176,80,58,28,1986,1,8,FALSE
182,César Azpilicueta,DF,22,176,6,57,24,1989,8,28,FALSE
183,Pepe Reina,GK,23,176,32,147,31,1982,8,31,FALSE
184,David Ospina,GK,1,43,44,97,25,1988,8,31,FALSE
185,Cristián Zapata,DF,2,43,24,155,27,1986,9,30,FALSE
186,Mario Yepes,DF,3,43,98,153,38,1976,1,13,TRUE
187,Santiago Arias,DF,4,43,6,195,22,1992,1,13,FALSE
188,Carlos Carbonero,MF,5,43,1,2,23,1990,7,25,FALSE
189,Carlos Sánchez,MF,6,43,44,251,28,1986,2,6,FALSE
190,Pablo Armero,DF,7,43,53,75,27,1986,11,2,FALSE
191,Abel Aguilar,MF,8,43,49,98,29,1985,1,6,FALSE
192,Teófilo Gutiérrez,FW,9,43,30,2,29,1985,5,17,FALSE
193,James Rodríguez,MF,10,43,22,95,22,1991,7,12,FALSE
194,Juan Cuadrado,MF,11,43,28,151,26,1988,5,26,FALSE
195,Camilo Vargas,GK,12,43,0,43,25,1989,3,9,FALSE
196,Fredy Guarín,MF,13,43,49,148,27,1986,6,30,FALSE
197,Víctor Ibarbo,FW,14,43,9,154,24,1990,5,19,FALSE
198,Alexander Mejía,MF,15,43,8,44,25,1988,7,11,FALSE
199,Éder Álvarez Balanta,DF,16,43,3,2,21,1993,2,28,FALSE
200,Carlos Bacca,FW,17,43,11,241,27,1986,9,8,FALSE
201,Juan Camilo Zúñiga,DF,18,43,50,147,28,1985,12,14,FALSE
202,Adrián Ramos,FW,19,43,26,118,28,1986,1,22,FALSE
203,Juan Fernando Quintero,MF,20,43,4,210,21,1993,1,18,FALSE
204,Jackson Martínez,FW,21,43,27,210,27,1986,10,3,FALSE
205,Faryd Mondragón,GK,22,43,50,45,42,1971,6,21,FALSE
206,Carlos Valdés,DF,23,43,14,3,29,1985,5,22,FALSE
207,Orestis Karnezis,GK,1,76,19,242,28,1985,7,11,FALSE
208,Giannis Maniatis,MF,2,76,30,131,27,1986,10,12,FALSE
209,Giorgos Tzavellas,DF,3,76,13,132,26,1987,11,26,FALSE
210,Kostas Manolas,DF,4,76,9,131,22,1991,6,14,FALSE
211,Vangelis Moras,DF,5,76,19,156,32,1981,8,26,FALSE
212,Alexandros Tziolis,MF,6,76,49,272,29,1985,2,13,FALSE
213,Georgios Samaras,FW,7,76,74,231,29,1985,2,21,FALSE
214,Panagiotis Kone,MF,8,76,16,157,26,1987,7,26,FALSE
215,Konstantinos Mitroglou,FW,9,76,32,76,26,1988,3,12,FALSE
216,Giorgos Karagounis,MF,10,76,135,76,37,1977,3,6,TRUE
217,Loukas Vyntra,DF,11,76,50,252,33,1981,2,5,FALSE
218,Panagiotis Glykos,GK,12,76,2,132,28,1986,6,3,FALSE
219,Stefanos Kapino,GK,13,76,2,130,20,1994,3,18,FALSE
220,Dimitris Salpingidis,FW,14,76,76,132,32,1981,8,18,FALSE
221,Vasilis Torosidis,DF,15,76,66,149,29,1985,6,10,FALSE
222,Lazaros Christodoulopoulos,MF,16,76,19,157,27,1986,12,19,FALSE
223,Theofanis Gekas,FW,17,76,72,269,34,1980,5,23,FALSE
224,Giannis Fetfatzidis,MF,18,76,19,150,23,1990,12,21,FALSE
225,Sokratis Papastathopoulos,DF,19,76,47,116,26,1988,6,9,FALSE
226,José Holebas,DF,20,76,22,131,29,1984,6,27,FALSE
227,Kostas Katsouranis,MF,21,76,111,132,34,1979,6,21,FALSE
228,Andreas Samaris,MF,22,76,4,131,24,1989,6,13,FALSE
229,Panagiotis Tachtsidis,MF,23,76,6,158,23,1991,2,15,FALSE
230,Boubacar Barry,GK,1,94,77,15,34,1979,12,30,FALSE
231,Ousmane Viera,DF,2,94,1,273,27,1986,12,21,FALSE
232,Arthur Boka,DF,3,94,78,119,31,1983,4,2,FALSE
233,Kolo Touré,DF,4,94,107,77,33,1981,3,19,FALSE
234,Didier Zokora,DF,5,94,119,274,33,1980,12,14,FALSE
235,Mathis Bolly,FW,6,94,4,115,23,1990,11,14,FALSE
236,Jean-Daniel Akpa-Akpro,DF,7,94,1,98,21,1992,10,11,FALSE
237,Salomon Kalou,FW,8,94,67,99,28,1985,8,5,FALSE
238,Cheick Tioté,MF,9,94,43,73,27,1986,6,21,FALSE
239,Gervinho,FW,10,94,53,149,27,1987,5,27,FALSE
240,Didier Drogba,FW,11,94,101,267,36,1978,3,11,TRUE
241,Wilfried Bony,FW,12,94,24,71,25,1988,12,10,FALSE
242,Didier Ya Konan,FW,13,94,25,120,30,1984,5,22,FALSE
243,Ismaël Diomandé,MF,14,94,2,100,21,1992,8,28,FALSE
244,Max Gradel,FW,15,94,26,100,26,1987,11,30,FALSE
245,Sylvain Gbohouo,GK,16,94,2,167,25,1988,10,29,FALSE
246,Serge Aurier,DF,17,94,8,98,21,1992,12,24,FALSE
247,Constant Djakpa,DF,18,94,5,121,27,1986,10,17,FALSE
248,Yaya Touré,MF,19,94,82,58,31,1983,5,13,FALSE
249,Serey Die,MF,20,94,7,260,29,1984,11,7,FALSE
250,Giovanni Sio,FW,21,94,7,260,25,1989,3,31,FALSE
251,Sol Bamba,DF,22,94,43,274,29,1985,1,13,FALSE
252,Sayouba Mandé,GK,23,94,1,204,20,1993,6,15,FALSE
253,Eiji Kawashima,GK,1,96,56,16,31,1983,3,20,FALSE
254,Atsuto Uchida,DF,2,96,68,111,26,1988,3,27,FALSE
255,G?toku Sakai,DF,3,96,12,119,23,1991,3,14,FALSE
256,Keisuke Honda,MF,4,96,56,155,27,1986,6,13,FALSE
257,Yuto Nagatomo,DF,5,96,70,148,27,1986,9,12,FALSE
258,Masato Morishige,DF,6,96,10,168,27,1987,5,21,FALSE
259,Yasuhito End?,MF,7,96,144,169,34,1980,1,28,FALSE
260,Hiroshi Kiyotake,MF,8,96,25,122,24,1989,11,12,FALSE
261,Shinji Okazaki,FW,9,96,76,110,28,1986,4,16,FALSE
262,Shinji Kagawa,MF,10,96,57,63,25,1989,3,17,FALSE
263,Yoichiro Kakitani,FW,11,96,12,170,24,1990,1,3,FALSE
264,Shusaku Nishikawa,GK,12,96,13,171,27,1986,6,18,FALSE
265,Yoshito ?kubo,FW,13,96,57,172,32,1982,6,9,FALSE
266,Toshihiro Aoyama,MF,14,96,6,173,28,1986,2,22,FALSE
267,Yasuyuki Konno,DF,15,96,81,169,31,1983,1,25,FALSE
268,Hotaru Yamaguchi,MF,16,96,12,170,23,1990,10,6,FALSE
269,Makoto Hasebe,MF,17,96,78,122,30,1984,1,18,TRUE
270,Yuya Osako,FW,18,96,9,123,24,1990,5,18,FALSE
271,Masahiko Inoha,DF,19,96,21,174,30,1983,8,28,FALSE
272,Manabu Sait?,FW,20,96,5,175,24,1990,4,4,FALSE
273,Hiroki Sakai,DF,21,96,18,120,24,1990,4,12,FALSE
274,Maya Yoshida,DF,22,96,41,61,25,1988,8,24,FALSE
275,Sh?ichi Gonda,GK,23,96,2,168,25,1989,3,3,FALSE
276,Keylor Navas,GK,1,48,53,252,27,1986,12,15,FALSE
277,Johnny Acosta,DF,2,48,25,46,30,1983,7,21,FALSE
278,Giancarlo González,DF,3,48,35,286,26,1988,2,8,FALSE
279,Michael Umaña,DF,4,48,83,47,31,1982,7,16,FALSE
280,Celso Borges,MF,5,48,63,257,26,1988,5,27,FALSE
281,Óscar Duarte,DF,6,48,11,14,25,1989,6,3,FALSE
282,Christian Bolaños,MF,7,48,55,53,30,1984,5,17,FALSE
283,David Myrie,DF,8,48,10,48,26,1988,6,1,FALSE
284,Joel Campbell,FW,9,48,33,131,21,1992,6,26,FALSE
285,Bryan Ruiz,FW,10,48,63,195,28,1985,8,18,TRUE
286,Michael Barrantes,MF,11,48,50,205,30,1983,10,4,FALSE
287,Waylon Francis,DF,12,48,1,286,23,1990,9,20,FALSE
288,Óscar Esteban Granados,MF,13,48,11,48,28,1985,10,25,FALSE
289,Randall Brenes,FW,14,48,39,49,30,1983,8,13,FALSE
290,Júnior Díaz,DF,15,48,62,110,30,1983,9,12,FALSE
291,Cristian Gamboa,DF,16,48,25,206,24,1989,10,24,FALSE
292,Yeltsin Tejeda,MF,17,48,22,47,22,1992,3,17,FALSE
293,Patrick Pemberton,GK,18,48,21,46,32,1982,4,24,FALSE
294,Roy Miller,DF,19,48,48,285,29,1984,11,24,FALSE
295,Diego Calvo,MF,20,48,10,207,23,1991,3,25,FALSE
296,Marco Ureña,FW,21,48,24,222,24,1990,3,5,FALSE
297,José Miguel Cubero,MF,22,48,35,48,27,1987,2,14,FALSE
298,Daniel Cambronero,GK,23,48,4,48,26,1987,12,1,FALSE
299,Joe Hart,GK,1,61,41,58,27,1987,4,19,FALSE
300,Glen Johnson,DF,2,61,52,77,29,1984,8,23,FALSE
301,Leighton Baines,DF,3,61,24,78,29,1984,12,11,FALSE
302,Steven Gerrard,MF,4,61,111,77,34,1980,5,30,TRUE
303,Gary Cahill,DF,5,61,24,57,28,1985,12,19,FALSE
304,Phil Jagielka,DF,6,61,26,78,31,1982,8,17,FALSE
305,Jack Wilshere,MF,7,61,18,74,22,1992,1,1,FALSE
306,Frank Lampard,MF,8,61,105,57,35,1978,6,20,FALSE
307,Daniel Sturridge,FW,9,61,12,77,24,1989,9,1,FALSE
308,Wayne Rooney,FW,10,61,92,63,28,1985,10,24,FALSE
309,Danny Welbeck,FW,11,61,24,63,23,1990,11,26,FALSE
310,Chris Smalling,DF,12,61,12,63,24,1989,11,22,FALSE
311,Ben Foster,GK,13,61,7,79,31,1983,5,3,FALSE
312,Jordan Henderson,MF,14,61,11,77,23,1990,6,17,FALSE
313,Alex Oxlade-Chamberlain,MF,15,61,15,74,20,1993,8,15,FALSE
314,Phil Jones,DF,16,61,10,63,22,1992,2,21,FALSE
315,James Milner,MF,17,61,47,58,28,1986,1,4,FALSE
316,Rickie Lambert,FW,18,61,6,61,32,1982,2,16,FALSE
317,Raheem Sterling,MF,19,61,4,77,19,1994,12,8,FALSE
318,Adam Lallana,MF,20,61,6,61,26,1988,5,10,FALSE
319,Ross Barkley,MF,21,61,6,78,20,1993,12,5,FALSE
320,Fraser Forster,GK,22,61,2,231,26,1988,3,17,FALSE
321,Luke Shaw,DF,23,61,2,61,18,1995,7,12,FALSE
322,Gianluigi Buffon,GK,1,93,140,152,36,1978,1,28,TRUE
323,Mattia De Sciglio,DF,2,93,11,155,21,1992,10,20,FALSE
324,Giorgio Chiellini,DF,3,93,68,152,29,1984,8,14,FALSE
325,Matteo Darmian,DF,4,93,1,158,24,1989,12,2,FALSE
326,Thiago Motta,MF,5,93,20,87,31,1982,8,28,FALSE
327,Antonio Candreva,MF,6,93,20,159,27,1987,2,28,FALSE
328,Ignazio Abate,DF,7,93,20,155,27,1986,11,12,FALSE
329,Claudio Marchisio,MF,8,93,44,152,28,1986,1,19,FALSE
330,Mario Balotelli,FW,9,93,30,155,23,1990,8,12,FALSE
331,Antonio Cassano,FW,10,93,37,160,31,1982,7,12,FALSE
332,Alessio Cerci,FW,11,93,12,158,26,1987,7,23,FALSE
333,Salvatore Sirigu,GK,12,93,8,87,27,1987,1,12,FALSE
334,Mattia Perin,GK,13,93,0,150,21,1992,11,10,FALSE
335,Alberto Aquilani,MF,14,93,35,151,29,1984,7,7,FALSE
336,Andrea Barzagli,DF,15,93,47,152,33,1981,5,8,FALSE
337,Daniele De Rossi,MF,16,93,95,149,30,1983,7,24,FALSE
338,Ciro Immobile,FW,17,93,2,158,24,1990,2,20,FALSE
339,Marco Parolo,MF,18,93,4,160,29,1985,1,25,FALSE
340,Leonardo Bonucci,DF,19,93,37,152,27,1987,5,1,FALSE
341,Gabriel Paletta,DF,20,93,2,160,28,1986,2,15,FALSE
342,Andrea Pirlo,MF,21,93,109,152,35,1979,5,19,FALSE
343,Lorenzo Insigne,FW,22,93,5,147,23,1991,6,4,FALSE
344,Marco Verratti,MF,23,93,6,87,21,1992,11,5,FALSE
345,Fernando Muslera,GK,1,200,58,267,27,1986,6,16,FALSE
346,Diego Lugano,DF,2,200,94,79,33,1980,11,2,TRUE
347,Diego Godín,DF,3,200,77,250,28,1986,2,16,FALSE
348,Jorge Fucile,DF,4,200,42,210,29,1984,11,19,FALSE
349,Walter Gargano,MF,5,200,63,160,29,1984,7,23,FALSE
350,Álvaro Pereira,MF,6,200,57,27,28,1985,11,28,FALSE
351,Cristian Rodríguez,MF,7,200,73,250,28,1985,9,30,FALSE
352,Abel Hernández,FW,8,200,12,161,23,1990,8,8,FALSE
353,Luis Suárez,FW,9,200,77,77,27,1987,1,24,FALSE
354,Diego Forlán,FW,10,200,110,170,35,1979,5,19,FALSE
355,Cristhian Stuani,FW,11,200,10,245,27,1986,10,12,FALSE
356,Rodrigo Muñoz,GK,12,200,0,209,32,1982,1,22,FALSE
357,José Giménez,DF,13,200,6,250,19,1995,1,20,FALSE
358,Nicolás Lodeiro,MF,14,200,26,21,25,1989,3,21,FALSE
359,Diego Pérez,MF,15,200,89,157,34,1980,5,18,FALSE
360,Maxi Pereira,DF,16,200,90,211,30,1984,6,8,FALSE
361,Egidio Arévalo Ríos,MF,17,200,55,184,32,1982,1,1,FALSE
362,Gastón Ramírez,MF,18,200,29,61,23,1990,12,2,FALSE
363,Sebastián Coates,DF,19,200,15,295,23,1990,10,7,FALSE
364,Álvaro González,MF,20,200,43,159,29,1984,10,29,FALSE
365,Edinson Cavani,FW,21,200,62,87,27,1987,2,14,FALSE
366,Martín Cáceres,DF,22,200,57,152,27,1987,4,7,FALSE
367,Martín Silva,GK,23,200,4,28,31,1983,3,25,FALSE
368,Máximo Banguera,GK,1,58,25,239,28,1985,12,16,FALSE
369,Jorge Guagua,DF,2,58,59,54,32,1981,9,28,FALSE
370,Frickson Erazo,DF,3,58,37,29,26,1988,5,5,FALSE
371,Juan Carlos Paredes,DF,4,58,38,239,26,1987,7,8,FALSE
372,Renato Ibarra,MF,5,58,18,196,23,1991,1,20,FALSE
373,Christian Noboa,MF,6,58,42,223,29,1985,4,9,FALSE
374,Jefferson Montero,MF,7,58,40,184,24,1989,9,1,FALSE
375,Édison Méndez,MF,8,58,110,43,35,1979,3,16,FALSE
376,Joao Rojas,MF,9,58,30,178,24,1989,6,14,FALSE
377,Walter Ayoví,DF,10,58,90,185,34,1979,8,11,FALSE
378,Felipe Caicedo,FW,11,58,50,283,25,1988,9,5,FALSE
379,Adrián Bone,GK,12,58,3,55,25,1988,9,8,FALSE
380,Enner Valencia,FW,13,58,10,185,25,1989,4,11,FALSE
381,Oswaldo Minda,MF,14,58,18,287,30,1983,7,26,FALSE
382,Michael Arroyo,MF,15,58,21,186,27,1987,4,23,FALSE
383,Antonio Valencia,MF,16,58,71,63,28,1985,8,4,TRUE
384,Jaime Ayoví,FW,17,58,30,187,26,1988,2,21,FALSE
385,Óscar Bagüí,DF,18,58,21,54,31,1982,12,10,FALSE
386,Luis Saritama,MF,19,58,49,239,30,1983,10,20,FALSE
387,Fidel Martínez,MF,20,58,8,187,24,1990,2,15,FALSE
388,Gabriel Achilier,DF,21,58,23,54,29,1985,3,24,FALSE
389,Alexander Domínguez,GK,22,58,18,56,27,1987,6,5,FALSE
390,Carlos Gruezo,MF,23,58,3,119,19,1995,4,19,FALSE
391,Hugo Lloris,GK,1,69,57,59,27,1986,12,26,TRUE
392,Mathieu Debuchy,DF,2,69,21,73,28,1985,7,28,FALSE
393,Patrice Evra,DF,3,69,58,63,33,1981,5,15,FALSE
394,Raphaël Varane,DF,4,69,6,240,21,1993,4,25,FALSE
395,Mamadou Sakho,DF,5,69,19,77,24,1990,2,13,FALSE
396,Yohan Cabaye,MF,6,69,30,87,28,1986,1,14,FALSE
397,Rémy Cabella,MF,7,69,1,101,24,1990,3,8,FALSE
398,Mathieu Valbuena,MF,8,69,34,88,29,1984,9,28,FALSE
399,Olivier Giroud,FW,9,69,30,74,27,1986,9,30,FALSE
400,Karim Benzema,FW,10,69,66,240,26,1987,12,19,FALSE
401,Antoine Griezmann,MF,11,69,4,246,23,1991,3,21,FALSE
402,Rio Mavuba,MF,12,69,12,99,30,1984,3,8,FALSE
403,Eliaquim Mangala,DF,13,69,3,210,23,1991,2,13,FALSE
404,Blaise Matuidi,MF,14,69,23,87,27,1987,4,9,FALSE
405,Bacary Sagna,DF,15,69,41,74,31,1983,2,14,FALSE
406,Stéphane Ruffier,GK,16,69,2,100,27,1986,9,27,FALSE
407,Lucas Digne,DF,17,69,2,87,20,1993,7,20,FALSE
408,Moussa Sissoko,MF,18,69,17,73,24,1989,8,16,FALSE
409,Paul Pogba,MF,19,69,11,152,21,1993,3,15,FALSE
410,Loïc Rémy,FW,20,69,25,73,27,1987,1,2,FALSE
411,Laurent Koscielny,DF,21,69,17,74,28,1985,9,10,FALSE
412,Morgan Schneiderlin,MF,22,69,1,61,24,1989,11,8,FALSE
413,Mickaël Landreau,GK,23,69,11,102,35,1979,5,14,FALSE
414,Luis López,GK,1,84,0,134,20,1993,9,13,FALSE
415,Osman Chávez,DF,2,84,54,38,29,1984,7,29,FALSE
416,Maynor Figueroa,DF,3,84,105,62,31,1983,5,2,FALSE
417,Juan Pablo Montes,DF,4,84,11,135,28,1985,10,26,FALSE
418,Víctor Bernárdez,DF,5,84,78,288,32,1982,5,24,FALSE
419,Juan Carlos García,DF,6,84,34,67,26,1988,3,8,FALSE
420,Emilio Izaguirre,DF,7,84,68,231,28,1986,5,10,FALSE
421,Wilson Palacios,MF,8,84,95,80,29,1984,7,29,FALSE
422,Jerry Palacios,FW,9,84,24,46,32,1981,11,1,FALSE
423,Mario Martínez,MF,10,84,37,134,24,1989,7,30,FALSE
424,Jerry Bengtson,FW,11,84,44,289,27,1987,4,8,FALSE
425,Edder Delgado,MF,12,84,26,134,27,1986,11,20,FALSE
426,Carlo Costly,FW,13,84,70,134,31,1982,7,18,FALSE
427,Óscar Boniek García,MF,14,84,92,290,29,1984,9,4,FALSE
428,Roger Espinoza,MF,15,84,42,67,27,1986,10,25,FALSE
429,Rony Martínez,FW,16,84,12,246,25,1988,10,16,FALSE
430,Andy Najar,MF,17,84,17,17,21,1993,3,16,FALSE
431,Noel Valladares,GK,18,84,122,136,37,1977,5,3,TRUE
432,Luis Garrido,MF,19,84,20,136,23,1990,11,5,FALSE
433,Jorge Claros,MF,20,84,49,135,28,1986,1,8,FALSE
434,Brayan Beckeles,DF,21,84,23,136,28,1985,11,28,FALSE
435,Donis Escober,GK,22,84,26,136,34,1980,2,3,FALSE
436,Marvin Chávez,MF,23,84,42,287,30,1983,11,3,FALSE
437,Diego Benaglio,GK,1,182,57,109,30,1983,9,8,FALSE
438,Stephan Lichtsteiner,DF,2,182,63,152,30,1984,1,16,FALSE
439,Reto Ziegler,DF,3,182,35,162,28,1986,1,16,FALSE
440,Philippe Senderos,DF,4,182,53,248,29,1985,2,14,FALSE
441,Steve von Bergen,DF,5,182,41,261,31,1983,6,10,FALSE
442,Michael Lang,DF,6,182,6,262,23,1991,2,8,FALSE
443,Tranquillo Barnetta,MF,7,182,74,121,29,1985,5,22,FALSE
444,Gökhan Inler,MF,8,182,73,147,29,1984,6,27,TRUE
445,Haris Seferovi?,FW,9,182,11,246,22,1992,2,22,FALSE
446,Granit Xhaka,MF,10,182,26,124,21,1992,9,27,FALSE
447,Valon Behrami,MF,11,182,48,147,29,1985,4,19,FALSE
448,Yann Sommer,GK,12,182,6,260,25,1988,12,17,FALSE
449,Ricardo Rodríguez,DF,13,182,21,109,21,1992,8,25,FALSE
450,Valentin Stocker,MF,14,182,24,260,25,1989,4,12,FALSE
451,Blerim Džemaili,MF,15,182,34,147,28,1986,4,12,FALSE
452,Gelson Fernandes,MF,16,182,47,125,27,1986,9,2,FALSE
453,Mario Gavranovi?,FW,17,182,11,263,24,1989,11,24,FALSE
454,Admir Mehmedi,FW,18,182,21,125,23,1991,3,16,FALSE
455,Josip Drmi?,FW,19,182,7,122,21,1992,8,8,FALSE
456,Johan Djourou,DF,20,182,44,112,27,1987,1,18,FALSE
457,Roman Bürki,GK,21,182,0,262,23,1990,11,14,FALSE
458,Fabian Schär,DF,22,182,6,260,22,1991,12,20,FALSE
459,Xherdan Shaqiri,MF,23,182,33,108,22,1991,10,10,FALSE
460,Sergio Romero,GK,1,8,47,95,27,1987,2,22,FALSE
461,Ezequiel Garay,DF,2,8,18,211,27,1986,10,10,FALSE
462,Hugo Campagnaro,DF,3,8,15,148,33,1980,6,27,FALSE
463,Pablo Zabaleta,DF,4,8,36,58,29,1985,1,16,FALSE
464,Fernando Gago,MF,5,8,49,4,28,1986,4,10,FALSE
465,Lucas Biglia,MF,6,8,18,159,28,1986,1,30,FALSE
466,Ángel Di María,MF,7,8,47,240,26,1988,2,14,FALSE
467,Enzo Pérez,MF,8,8,7,211,28,1986,2,22,FALSE
468,Gonzalo Higuaín,FW,9,8,36,147,26,1987,12,10,FALSE
469,Lionel Messi,FW,10,8,86,239,26,1987,6,24,TRUE
470,Maxi Rodríguez,MF,11,8,55,5,33,1981,1,2,FALSE
471,Agustín Orión,GK,12,8,3,4,32,1981,7,26,FALSE
472,Augusto Fernández,MF,13,8,9,249,28,1986,4,10,FALSE
473,Javier Mascherano,MF,14,8,98,239,30,1984,6,8,FALSE
474,Martín Demichelis,DF,15,8,38,58,33,1980,12,20,FALSE
475,Marcos Rojo,DF,16,8,22,212,24,1990,3,20,FALSE
476,Federico Fernández,DF,17,8,26,147,25,1989,2,21,FALSE
477,Rodrigo Palacio,FW,18,8,22,148,32,1982,2,5,FALSE
478,Ricky Álvarez,MF,19,8,7,148,26,1988,4,12,FALSE
479,Sergio Agüero,FW,20,8,51,58,26,1988,6,2,FALSE
480,Mariano Andújar,GK,21,8,10,163,30,1983,7,30,FALSE
481,Ezequiel Lavezzi,FW,22,8,31,87,29,1985,5,3,FALSE
482,José María Basanta,DF,23,8,10,188,30,1984,4,3,FALSE
483,Asmir Begovi?,GK,1,25,30,80,26,1987,6,20,FALSE
484,Avdija Vršajevi?,DF,2,25,13,52,28,1986,3,6,FALSE
485,Ermin Bi?ak?i?,DF,3,25,7,126,24,1990,1,24,FALSE
486,Emir Spahi?,DF,4,25,74,113,33,1980,8,18,TRUE
487,Sead Kolašinac,DF,5,25,4,111,20,1993,6,20,FALSE
488,Ognjen Vranješ,DF,6,25,13,275,24,1989,10,24,FALSE
489,Muhamed Beši?,DF,7,25,9,137,21,1992,9,10,FALSE
490,Miralem Pjani?,MF,8,25,48,149,24,1990,4,2,FALSE
491,Vedad Ibiševi?,FW,9,25,55,119,29,1984,8,6,FALSE
492,Zvjezdan Misimovi?,MF,10,25,81,39,32,1982,6,5,FALSE
493,Edin Džeko,FW,11,25,62,58,28,1986,3,17,FALSE
494,Jasmin Fejzi?,GK,12,25,0,127,28,1986,5,15,FALSE
495,Mensur Mujdža,DF,13,25,24,125,30,1984,3,28,FALSE
496,Tino-Sven Suši?,MF,14,25,2,52,22,1992,2,13,FALSE
497,Toni Šunji?,DF,15,25,8,281,25,1988,12,15,FALSE
498,Senad Luli?,MF,16,25,33,159,28,1986,1,18,FALSE
499,Senijad Ibri?i?,MF,17,25,42,276,28,1985,9,26,FALSE
500,Haris Medunjanin,MF,18,25,35,277,29,1985,3,8,FALSE
501,Edin Viš?a,FW,19,25,10,278,24,1990,2,17,FALSE
502,Izet Hajrovi?,MF,20,25,7,267,22,1991,8,4,FALSE
503,Anel Hadži?,MF,21,25,2,12,24,1989,8,16,FALSE
504,Asmir Avduki?,GK,22,25,3,20,33,1981,5,13,FALSE
505,Sejad Salihovi?,MF,23,25,42,128,29,1984,10,8,FALSE
506,Rahman Ahmadi,GK,1,90,10,138,33,1980,7,30,FALSE
507,Khosro Heydari,MF,2,90,49,139,30,1983,9,14,FALSE
508,Ehsan Hajsafi,MF,3,90,62,138,24,1990,2,25,FALSE
509,Jalal Hosseini,DF,4,90,85,140,32,1982,2,3,FALSE
510,Amir Hossein Sadeghi,DF,5,90,17,139,32,1981,9,6,FALSE
511,Javad Nekounam,MF,6,90,140,177,33,1980,10,7,TRUE
512,Masoud Shojaei,MF,7,90,50,253,30,1984,6,9,FALSE
513,Reza Haghighi,MF,8,90,8,140,25,1989,2,1,FALSE
514,Alireza Jahanbakhsh,FW,9,90,7,197,20,1993,8,11,FALSE
515,Karim Ansarifard,FW,10,90,42,141,24,1990,4,3,FALSE
516,Ghasem Haddadifar,MF,11,90,17,142,30,1983,7,12,FALSE
517,Alireza Haghighi,GK,12,90,6,213,26,1988,5,2,FALSE
518,Hossein Mahini,DF,13,90,22,140,27,1986,9,16,FALSE
519,Andranik Teymourian,MF,14,90,79,139,31,1983,3,6,FALSE
520,Pejman Montazeri,DF,15,90,22,217,30,1983,9,6,FALSE
521,Reza Ghoochannejhad,FW,16,90,14,81,26,1987,9,20,FALSE
522,Ahmad Alenemeh,DF,17,90,9,143,31,1982,10,10,FALSE
523,Bakhtiar Rahmani,MF,18,90,4,144,22,1991,9,23,FALSE
524,Hashem Beikzadeh,DF,19,90,17,139,30,1984,1,22,FALSE
525,Steven Beitashour,DF,20,90,6,33,27,1987,2,1,FALSE
526,Ashkan Dejagah,MF,21,90,14,76,27,1986,7,5,FALSE
527,Daniel Davari,GK,22,90,4,126,26,1988,1,6,FALSE
528,Mehrdad Pooladi,DF,23,90,20,140,27,1987,2,26,FALSE
529,Vincent Enyeama,GK,1,138,91,99,31,1982,8,29,FALSE
530,Joseph Yobo,DF,2,138,97,72,33,1980,9,6,TRUE
531,Ejike Uzoenyi,MF,3,138,21,200,26,1988,3,23,FALSE
532,Reuben Gabriel,MF,4,138,11,18,23,1990,9,25,FALSE
533,Efe Ambrose,DF,5,138,37,231,25,1988,10,18,FALSE
534,Azubuike Egwuekwe,DF,6,138,31,201,24,1989,7,16,FALSE
535,Ahmed Musa,FW,7,138,35,224,21,1992,10,14,FALSE
536,Peter Odemwingie,FW,8,138,61,80,32,1981,7,15,FALSE
537,Emmanuel Emenike,FW,9,138,23,268,27,1987,5,10,FALSE
538,John Obi Mikel,MF,10,138,59,57,27,1987,4,22,FALSE
539,Victor Moses,MF,11,138,22,77,23,1990,12,12,FALSE
540,Kunle Odunlami,DF,12,138,11,202,23,1991,4,30,FALSE
541,Juwon Oshaniwa,DF,13,138,10,145,23,1990,9,14,FALSE
542,Godfrey Oboabona,DF,14,138,35,273,23,1990,8,16,FALSE
543,Ramon Azeez,MF,15,138,2,254,21,1992,12,12,FALSE
544,Austin Ejide,GK,16,138,31,146,30,1984,4,8,FALSE
545,Ogenyi Onazi,MF,17,138,21,159,21,1992,12,25,FALSE
546,Michael Babatunde,MF,18,138,5,282,21,1992,12,24,FALSE
547,Uche Nwofor,FW,19,138,6,198,22,1991,9,17,FALSE
548,Michael Uchebo,FW,20,138,4,19,24,1990,2,2,FALSE
549,Chigozie Agbim,GK,21,138,11,203,29,1984,11,28,FALSE
550,Kenneth Omeruo,DF,22,138,17,82,20,1993,10,17,FALSE
551,Shola Ameobi,FW,23,138,7,73,32,1981,10,12,FALSE
552,Manuel Neuer,GK,1,73,45,108,28,1986,3,27,FALSE
553,Kevin Großkreutz,DF,2,73,5,116,25,1988,7,19,FALSE
554,Matthias Ginter,DF,3,73,2,125,20,1994,1,19,FALSE
555,Benedikt Höwedes,DF,4,73,21,111,26,1988,2,29,FALSE
556,Mats Hummels,DF,5,73,30,116,25,1988,12,16,FALSE
557,Sami Khedira,MF,6,73,46,240,27,1987,4,4,FALSE
558,Bastian Schweinsteiger,MF,7,73,102,108,29,1984,8,1,FALSE
559,Mesut Özil,MF,8,73,55,74,25,1988,10,15,FALSE
560,André Schürrle,MF,9,73,33,57,23,1990,11,6,FALSE
561,Lukas Podolski,FW,10,73,114,74,29,1985,6,4,FALSE
562,Miroslav Klose,FW,11,73,132,159,36,1978,6,9,FALSE
563,Ron-Robert Zieler,GK,12,73,3,120,25,1989,2,12,FALSE
564,Thomas Müller,FW,13,73,49,108,24,1989,9,13,FALSE
565,Julian Draxler,MF,14,73,11,111,20,1993,9,20,FALSE
566,Erik Durm,DF,15,73,1,116,22,1992,5,12,FALSE
567,Philipp Lahm,DF,16,73,106,108,30,1983,11,11,TRUE
568,Per Mertesacker,DF,17,73,98,74,29,1984,9,29,FALSE
569,Toni Kroos,MF,18,73,44,108,24,1990,1,4,FALSE
570,Mario Götze,MF,19,73,29,108,22,1992,6,3,FALSE
571,Jérôme Boateng,DF,20,73,39,108,25,1988,9,3,FALSE
572,Shkodran Mustafi,DF,21,73,1,164,22,1992,4,17,FALSE
573,Roman Weidenfeller,GK,22,73,3,116,33,1980,8,6,FALSE
574,Christoph Kramer,MF,23,73,2,124,23,1991,2,19,FALSE
575,Stephen Adams,GK,1,74,7,129,24,1989,9,28,FALSE
576,Samuel Inkoom,DF,2,74,46,133,25,1989,6,1,FALSE
577,Asamoah Gyan,FW,3,74,79,284,28,1985,11,22,TRUE
578,Daniel Opare,DF,4,74,16,16,23,1990,10,18,FALSE
579,Michael Essien,MF,5,74,57,155,31,1982,12,3,FALSE
580,Afriyie Acquah,MF,6,74,5,160,22,1992,1,5,FALSE
581,Christian Atsu,MF,7,74,23,196,22,1992,1,10,FALSE
582,Emmanuel Agyemang-Badu,MF,8,74,49,165,23,1990,12,2,FALSE
583,Kevin-Prince Boateng,FW,9,74,13,111,27,1987,3,6,FALSE
584,André Ayew,MF,10,74,49,88,24,1989,12,17,FALSE
585,Sulley Muntari,MF,11,74,82,155,29,1984,8,27,FALSE
586,Adam Kwarasey,GK,12,74,21,208,26,1987,12,12,FALSE
587,Jordan Ayew,FW,13,74,13,103,22,1991,9,11,FALSE
588,Albert Adomah,MF,14,74,15,82,26,1987,12,13,FALSE
589,Rashid Sumaila,DF,15,74,6,232,21,1992,12,18,FALSE
590,Fatau Dauda,GK,16,74,18,233,29,1985,4,6,FALSE
591,Mohammed Rabiu,MF,17,74,17,222,24,1989,12,31,FALSE
592,Abdul Majeed Waris,FW,18,74,13,104,22,1991,9,19,FALSE
593,Jonathan Mensah,DF,19,74,27,105,23,1990,7,13,FALSE
594,Kwadwo Asamoah,MF,20,74,62,152,25,1988,12,9,FALSE
595,John Boye,DF,21,74,30,92,27,1987,4,23,FALSE
596,Wakaso Mubarak,MF,22,74,17,225,23,1990,7,25,FALSE
597,Harrison Afful,DF,23,74,41,264,27,1986,6,24,FALSE
598,Eduardo,GK,1,150,34,214,31,1982,9,19,FALSE
599,Bruno Alves,DF,2,150,72,268,32,1981,11,27,FALSE
600,Pepe,DF,3,150,58,240,31,1983,2,26,FALSE
601,Miguel Veloso,MF,4,150,49,280,28,1986,5,11,FALSE
602,Fábio Coentrão,DF,5,150,45,240,26,1988,3,11,FALSE
603,William Carvalho,MF,6,150,4,212,22,1992,4,7,FALSE
604,Cristiano Ronaldo,FW,7,150,111,240,29,1985,2,5,TRUE
605,João Moutinho,MF,8,150,68,95,27,1986,9,8,FALSE
606,Hugo Almeida,FW,9,150,55,266,30,1984,5,23,FALSE
607,Vieirinha,MF,10,150,9,109,28,1986,1,24,FALSE
608,Éder,FW,11,150,8,214,26,1987,12,22,FALSE
609,Rui Patrício,GK,12,150,30,212,26,1988,2,15,FALSE
610,Ricardo Costa,DF,13,150,19,248,33,1981,5,16,FALSE
611,Luís Neto,DF,14,150,9,219,26,1988,5,26,FALSE
612,Rafa Silva,MF,15,150,3,214,21,1993,5,17,FALSE
613,Raul Meireles,MF,16,150,74,268,31,1983,3,17,FALSE
614,Nani,MF,17,150,75,63,27,1986,11,17,FALSE
615,Silvestre Varela,MF,18,150,24,210,29,1985,2,2,FALSE
616,André Almeida,DF,19,150,5,211,23,1990,9,10,FALSE
617,Rúben Amorim,MF,20,150,13,211,29,1985,1,27,FALSE
618,João Pereira,DF,21,150,36,248,30,1984,2,25,FALSE
619,Beto,GK,22,150,7,241,32,1982,5,1,FALSE
620,Hélder Postiga,FW,23,150,69,159,31,1982,8,2,FALSE
621,Tim Howard,GK,1,199,100,78,35,1979,3,6,FALSE
622,DeAndre Yedlin,DF,2,199,4,291,20,1993,7,9,FALSE
623,Omar Gonzalez,DF,3,199,20,292,25,1988,10,11,FALSE
624,Michael Bradley,MF,4,199,86,32,26,1987,7,31,FALSE
625,Matt Besler,DF,5,199,17,293,27,1987,2,11,FALSE
626,John Brooks,DF,6,199,4,118,21,1993,1,28,FALSE
627,DaMarcus Beasley,DF,7,199,116,189,32,1982,5,24,FALSE
628,Clint Dempsey,FW,8,199,105,291,31,1983,3,9,TRUE
629,Aron Jóhannsson,FW,9,199,8,199,23,1990,11,10,FALSE
630,Mix Diskerud,MF,10,199,20,206,23,1990,10,2,FALSE
631,Alejandro Bedoya,MF,11,199,28,106,27,1987,4,29,FALSE
632,Brad Guzan,GK,12,199,25,70,29,1984,9,9,FALSE
633,Jermaine Jones,MF,13,199,42,266,32,1981,11,3,FALSE
634,Brad Davis,MF,14,199,16,290,32,1981,11,8,FALSE
635,Kyle Beckerman,MF,15,199,37,294,32,1982,4,23,FALSE
636,Julian Green,MF,16,199,2,108,19,1995,6,6,FALSE
637,Jozy Altidore,FW,17,199,70,83,24,1989,11,6,FALSE
638,Chris Wondolowski,FW,18,199,21,288,31,1983,1,28,FALSE
639,Graham Zusi,MF,19,199,23,293,27,1986,8,18,FALSE
640,Geoff Cameron,DF,20,199,27,80,28,1985,7,11,FALSE
641,Timothy Chandler,DF,21,199,13,122,24,1990,3,29,FALSE
642,Nick Rimando,GK,22,199,14,294,34,1979,6,17,FALSE
643,Fabian Johnson,DF,23,199,22,128,26,1987,12,11,FALSE
644,Cédric Si Mohamed,GK,1,2,1,0,29,1985,1,9,FALSE
645,Madjid Bougherra,DF,2,2,62,218,31,1982,10,7,TRUE
646,Faouzi Ghoulam,DF,3,2,6,147,23,1991,2,1,FALSE
647,Essaïd Belkalem,DF,4,2,13,84,25,1989,1,1,FALSE
648,Rafik Halliche,DF,5,2,29,215,27,1986,9,2,FALSE
649,Djamel Mesbah,DF,6,2,26,166,29,1984,10,9,FALSE
650,Hassan Yebda,MF,7,2,25,165,30,1984,5,14,FALSE
651,Medhi Lacen,MF,8,2,30,243,30,1984,5,15,FALSE
652,Nabil Ghilas,FW,9,2,5,210,24,1990,4,20,FALSE
653,Sofiane Feghouli,MF,10,2,19,248,24,1989,12,26,FALSE
654,Yacine Brahimi,MF,11,2,6,242,24,1990,2,8,FALSE
655,Carl Medjani,DF,12,2,26,104,29,1985,5,15,FALSE
656,Islam Slimani,FW,13,2,20,212,25,1988,6,18,FALSE
657,Nabil Bentaleb,MF,14,2,3,59,19,1994,11,24,FALSE
658,El Arbi Hillel Soudani,FW,15,2,22,51,26,1987,11,25,FALSE
659,Mohamed Zemmamouche,GK,16,2,7,1,29,1985,3,19,FALSE
660,Liassine Cadamuro-Bentaïba,DF,17,2,7,255,26,1988,3,5,FALSE
661,Abdelmoumene Djabou,MF,18,2,8,265,27,1987,1,31,FALSE
662,Saphir Taïder,MF,19,2,11,148,22,1992,2,29,FALSE
663,Aïssa Mandi,DF,20,2,2,107,22,1991,10,22,FALSE
664,Riyad Mahrez,MF,21,2,2,85,23,1991,2,21,FALSE
665,Mehdi Mostefa,MF,22,2,23,96,30,1983,8,30,FALSE
666,Raïs M'Bolhi,GK,23,2,28,30,28,1986,4,25,FALSE
667,Thibaut Courtois,GK,1,19,17,250,22,1992,5,11,FALSE
668,Toby Alderweireld,DF,2,19,34,250,25,1989,3,2,FALSE
669,Thomas Vermaelen,DF,3,19,47,74,28,1985,11,14,FALSE
670,Vincent Kompany,DF,4,19,59,58,28,1986,4,10,TRUE
671,Jan Vertonghen,DF,5,19,56,59,27,1987,4,24,FALSE
672,Axel Witsel,MF,6,19,48,219,25,1989,1,12,FALSE
673,Kevin De Bruyne,MF,7,19,21,109,22,1991,6,28,FALSE
674,Marouane Fellaini,MF,8,19,50,63,26,1987,11,22,FALSE
675,Romelu Lukaku,FW,9,19,29,78,21,1993,5,13,FALSE
676,Eden Hazard,MF,10,19,45,57,23,1991,1,7,FALSE
677,Kevin Mirallas,MF,11,19,44,78,26,1987,10,5,FALSE
678,Simon Mignolet,GK,12,19,14,77,25,1988,8,6,FALSE
679,Sammy Bossut,GK,13,19,0,13,28,1985,8,11,FALSE
680,Dries Mertens,FW,14,19,25,147,27,1987,5,6,FALSE
681,Daniel Van Buyten,DF,15,19,79,108,36,1978,2,7,FALSE
682,Steven Defour,MF,16,19,43,210,26,1988,4,15,FALSE
683,Divock Origi,FW,17,19,2,99,19,1995,4,18,FALSE
684,Nicolas Lombaerts,DF,18,19,25,219,29,1985,3,20,FALSE
685,Moussa Dembélé,MF,19,19,57,59,26,1987,7,16,FALSE
686,Adnan Januzaj,MF,20,19,1,63,19,1995,2,5,FALSE
687,Anthony Vanden Borre,DF,21,19,25,17,26,1987,10,24,FALSE
688,Nacer Chadli,MF,22,19,20,59,24,1989,10,2,FALSE
689,Laurent Ciman,DF,23,19,8,16,28,1985,8,5,FALSE
690,Igor Akinfeev,GK,1,155,68,224,28,1986,4,8,FALSE
691,Aleksei Kozlov,DF,2,155,11,223,27,1986,11,16,FALSE
692,Georgi Shchennikov,DF,3,155,4,224,23,1991,4,27,FALSE
693,Sergei Ignashevich,DF,4,155,96,224,34,1979,7,14,FALSE
694,Andrei Semyonov,DF,5,155,1,226,25,1989,3,24,FALSE
695,Maksim Kanunnikov,FW,6,155,2,227,22,1991,7,14,FALSE
696,Igor Denisov,MF,7,155,43,223,30,1984,5,17,FALSE
697,Denis Glushakov,MF,8,155,26,228,27,1987,1,27,FALSE
698,Aleksandr Kokorin,FW,9,155,21,223,23,1991,3,19,FALSE
699,Alan Dzagoev,MF,10,155,32,224,23,1990,6,17,FALSE
700,Aleksandr Kerzhakov,FW,11,155,80,219,31,1982,11,27,FALSE
701,Yuri Lodygin,GK,12,155,3,219,24,1990,5,26,FALSE
702,Vladimir Granat,DF,13,155,5,223,27,1987,5,22,FALSE
703,Vasili Berezutski,DF,14,155,78,224,31,1982,6,20,TRUE
704,Pavel Mogilevets,MF,15,155,1,225,21,1993,1,25,FALSE
705,Sergey Ryzhikov,GK,16,155,1,225,33,1980,9,19,FALSE
706,Oleg Shatov,MF,17,155,7,219,23,1990,7,29,FALSE
707,Yuri Zhirkov,FW,18,155,60,223,30,1983,8,20,FALSE
708,Aleksandr Samedov,FW,19,155,17,221,29,1984,7,19,FALSE
709,Viktor Fayzulin,MF,20,155,19,219,28,1986,4,22,FALSE
710,Aleksei Ionov,FW,21,155,5,223,25,1989,2,18,FALSE
711,Andrey Yeshchenko,DF,22,155,12,229,30,1984,2,9,FALSE
712,Dmitri Kombarov,DF,23,155,22,228,27,1987,1,22,FALSE
713,Jung Sung-ryong,GK,1,101,61,235,29,1985,1,4,FALSE
714,Kim Chang-soo,DF,2,101,9,176,28,1985,9,12,FALSE
715,Yun Suk-young,DF,3,101,4,60,24,1990,2,13,FALSE
716,Kwak Tae-hwi,DF,4,101,35,230,32,1981,7,8,FALSE
717,Kim Young-gwon,DF,5,101,21,40,24,1990,2,27,FALSE
718,Hwang Seok-ho,DF,6,101,3,173,24,1989,6,27,FALSE
719,Kim Bo-kyung,MF,7,101,28,68,24,1989,10,6,FALSE
720,Ha Dae-sung,MF,8,101,13,41,29,1985,3,2,FALSE
721,Son Heung-min,FW,9,101,25,113,21,1992,7,8,FALSE
722,Park Chu-young,FW,10,101,64,84,28,1985,7,10,FALSE
723,Lee Keun-ho,FW,11,101,63,236,29,1985,4,11,FALSE
724,Lee Yong,DF,12,101,12,237,27,1986,12,24,FALSE
725,Koo Ja-cheol,MF,13,101,37,110,25,1989,2,27,TRUE
726,Han Kook-young,MF,14,101,10,176,24,1990,4,19,FALSE
727,Park Jong-woo,MF,15,101,10,42,25,1989,3,10,FALSE
728,Ki Sung-yueng,MF,16,101,58,83,25,1989,1,24,FALSE
729,Lee Chung-yong,MF,17,101,55,86,25,1988,7,2,FALSE
730,Kim Shin-wook,FW,18,101,27,237,26,1988,4,14,FALSE
731,Ji Dong-won,FW,19,101,28,117,23,1991,5,28,FALSE
732,Hong Jeong-ho,DF,20,101,25,117,24,1989,8,12,FALSE
733,Kim Seung-gyu,GK,21,101,5,237,23,1990,9,30,FALSE
734,Park Joo-ho,DF,22,101,14,110,27,1987,1,16,FALSE
735,Lee Bum-young,GK,23,101,0,238,25,1989,4,2,FALSE
