id,Name,Position,Birthday_year,Birthday_month,Birthday_day,Caps,Club
0,Abdelmoumene Djabou,MF,1987,1,31,8,Club Africain
1,Abel Aguilar,MF,1985,1,6,49,Toulouse
2,Abel Hern??ndez,FW,1990,8,8,12,Palermo
3,Adam Kwarasey,GK,1987,12,12,21,Str?msgodset
4,Adam Lallana,MF,1988,5,10,6,Southampton
5,Adam Taggart,FW,1993,6,2,5,Newcastle Jets
6,Admir Mehmedi,FW,1991,3,16,21,SC Freiburg
7,Adnan Januzaj,MF,1995,2,5,1,Manchester United
8,Adri??n Bone,GK,1988,9,8,3,El Nacional
9,Adri??n Ramos,FW,1986,1,22,26,Hertha BSC
10,Afriyie Acquah,MF,1992,1,5,5,Parma
11,Agust??n Ori??n,GK,1981,7,26,3,Boca Juniors
12,Ahmad Alenemeh,DF,1982,10,10,9,Naft Tehran
13,Ahmed Musa,FW,1992,10,14,35,CSKA Moscow
14,Alan Dzagoev,MF,1990,6,17,32,CSKA Moscow
15,Alan Pulido,FW,1991,3,8,6,UANL
16,Albert Adomah,MF,1987,12,13,15,Middlesbrough
17,Alberto Aquilani,MF,1984,7,7,35,Fiorentina
18,Alejandro Bedoya,MF,1987,4,29,28,Nantes
19,Aleksandr Kerzhakov,FW,1982,11,27,80,Zenit Saint Petersburg
20,Aleksandr Kokorin,FW,1991,3,19,21,Dynamo Moscow
21,Aleksandr Samedov,FW,1984,7,19,17,Lokomotiv Moscow
22,Aleksei Ionov,FW,1989,2,18,5,Dynamo Moscow
23,Aleksei Kozlov,DF,1986,11,16,11,Dynamo Moscow
24,Alessio Cerci,FW,1987,7,23,12,Torino
25,Alex Oxlade-Chamberlain,MF,1993,8,15,15,Arsenal
26,Alex Song,MF,1987,9,9,47,Barcelona
27,Alex Wilkinson,DF,1984,8,13,3,Jeonbuk Hyundai Motors
28,Alexander Dom??nguez,GK,1987,6,5,18,LDU Quito
29,Alexander Mej??a,MF,1988,7,11,8,Atl??tico Nacional
30,Alexandros Tziolis,MF,1985,2,13,49,Kayserispor
31,Alexis S??nchez,FW,1988,12,19,67,Barcelona
32,Alfredo Talavera,GK,1982,9,18,14,Toluca
33,Alireza Haghighi,GK,1988,5,2,6,Sporting Covilh?
34,Alireza Jahanbakhsh,FW,1993,8,11,7,NEC
35,Allan Nyom,DF,1988,5,10,10,Granada
36,Amir Hossein Sadeghi,DF,1981,9,6,17,Esteghlal
37,Andranik Teymourian,MF,1983,3,6,79,Esteghlal
38,Andrea Barzagli,DF,1981,5,8,47,Juventus
39,Andrea Pirlo,MF,1979,5,19,109,Juventus
40,Andreas Samaris,MF,1989,6,13,4,Olympiacos
41,Andrei Semyonov,DF,1989,3,24,1,Terek Grozny
42,Andrey Yeshchenko,DF,1984,2,9,12,Anzhi Makhachkala
43,Andr?? Almeida,DF,1990,9,10,5,Benfica
44,Andr?? Ayew,MF,1989,12,17,49,Marseille
45,Andr?? Sch??rrle,MF,1990,11,6,33,Chelsea
46,Andr??s Guardado,DF,1986,9,28,104,Bayer Leverkusen
47,Andr??s Iniesta,MF,1984,5,11,97,Barcelona
48,Andy Najar,MF,1993,3,16,17,Anderlecht
49,Anel Had?i?,MF,1989,8,16,2,Sturm Graz
50,Ante Rebi?,FW,1993,9,21,5,Fiorentina
51,Anthony Vanden Borre,DF,1987,10,24,25,Anderlecht
52,Antoine Griezmann,MF,1991,3,21,4,Real Sociedad
53,Antonio Candreva,MF,1987,2,28,20,Lazio
54,Antonio Cassano,FW,1982,7,12,37,Parma
55,Antonio Valencia,MF,1985,8,4,71,Manchester United
56,Arjen Robben,FW,1984,1,23,75,Bayern Munich
57,Aron J??hannsson,FW,1990,11,10,8,AZ
58,Arthur Boka,DF,1983,4,2,78,VfB Stuttgart
59,Arturo Vidal,MF,1987,5,22,54,Juventus
60,Asamoah Gyan,FW,1985,11,22,79,Al-Ain
61,Ashkan Dejagah,MF,1986,7,5,14,Fulham
62,Asmir Avduki?,GK,1981,5,13,3,Borac Banja Luka
63,Asmir Begovi?,GK,1987,6,20,30,Stoke City
64,Atsuto Uchida,DF,1988,3,27,68,Schalke 04
65,Augusto Fern??ndez,MF,1986,4,10,9,Celta Vigo
66,Aur??lien Chedjou,DF,1985,6,20,31,Galatasaray
67,Austin Ejide,GK,1984,4,8,31,Hapoel Be'er Sheva
68,Avdija Vr?ajevi?,DF,1986,3,6,13,Hajduk Split
69,Axel Witsel,MF,1989,1,12,48,Zenit Saint Petersburg
70,Azubuike Egwuekwe,DF,1989,7,16,31,Warri Wolves
71,A?ssa Mandi,DF,1991,10,22,2,Reims
72,Bacary Sagna,DF,1983,2,14,41,Arsenal
73,Bailey Wright,DF,1992,7,28,0,Preston North End
74,Bakhtiar Rahmani,MF,1991,9,23,4,Foolad
75,Bastian Schweinsteiger,MF,1984,8,1,102,Bayern Munich
76,Ben Foster,GK,1983,5,3,7,West Bromwich Albion
77,Ben Halloran,MF,1992,6,14,2,Fortuna D??sseldorf
78,Benedikt H?wedes,DF,1988,2,29,21,Schalke 04
79,Benjamin Moukandjo,FW,1988,11,12,17,Nancy
80,Beno?t Assou-Ekotto,DF,1984,3,24,22,Queens Park Rangers
81,Bernard,FW,1992,9,8,11,Shakhtar Donetsk
82,Beto,GK,1982,5,1,7,Sevilla
83,Blaise Matuidi,MF,1987,4,9,23,Paris Saint-Germain
84,Blerim D?emaili,MF,1986,4,12,34,Napoli
85,Boubacar Barry,GK,1979,12,30,77,Lokeren
86,Brad Davis,MF,1981,11,8,16,Houston Dynamo
87,Brad Guzan,GK,1984,9,9,25,Aston Villa
88,Brayan Beckeles,DF,1985,11,28,23,Olimpia
89,Bruno Alves,DF,1981,11,27,72,Fenerbah?e
90,Bruno Martins Indi,DF,1992,2,8,16,Feyenoord
91,Bryan Ruiz,FW,1985,8,18,63,PSV
92,Camilo Vargas,GK,1989,3,9,0,Santa Fe
93,Carl Medjani,DF,1985,5,15,26,Valenciennes
94,Carlo Costly,FW,1982,7,18,70,Real Espa?a
95,Carlos Bacca,FW,1986,9,8,11,Sevilla
96,Carlos Carbonero,MF,1990,7,25,1,River Plate
97,Carlos Carmona,MF,1987,2,21,44,Atalanta
98,Carlos Gruezo,MF,1995,4,19,3,VfB Stuttgart
99,Carlos Pe?a,MF,1990,3,29,16,Le??n
100,Carlos Salcido,DF,1980,4,2,122,UANL
101,Carlos S??nchez,MF,1986,2,6,44,Elche
102,Carlos Vald??s,DF,1985,5,22,14,San Lorenzo
103,Celso Borges,MF,1988,5,27,63,AIK
104,Cesc F??bregas,MF,1987,5,4,89,Barcelona
105,Charles Ar??nguiz,MF,1989,4,17,21,Internacional
106,Charles Itandje,GK,1982,11,2,9,Konyaspor
107,Cheick Tiot??,MF,1986,6,21,43,Newcastle United
108,Chigozie Agbim,GK,1984,11,28,11,Gombe United
109,Chris Smalling,DF,1989,11,22,12,Manchester United
110,Chris Wondolowski,FW,1983,1,28,21,San Jose Earthquakes
111,Christian Atsu,MF,1992,1,10,23,Vitesse
112,Christian Bola?os,MF,1984,5,17,55,Copenhagen
113,Christian Noboa,MF,1985,4,9,42,Dynamo Moscow
114,Christoph Kramer,MF,1991,2,19,2,Borussia M?nchengladbach
115,Ciro Immobile,FW,1990,2,20,2,Torino
116,Claudio Bravo,GK,1983,4,13,79,Real Sociedad
117,Claudio Marchisio,MF,1986,1,19,44,Juventus
118,Clint Dempsey,FW,1983,3,9,105,Seattle Sounders FC
119,Constant Djakpa,DF,1986,10,17,5,Eintracht Frankfurt
120,Cristhian Stuani,FW,1986,10,12,10,Espanyol
121,Cristian Gamboa,DF,1989,10,24,25,Rosenborg
122,Cristian Rodr??guez,MF,1985,9,30,73,Atl??tico Madrid
123,Cristiano Ronaldo,FW,1985,2,5,111,Real Madrid
124,Cristi??n Zapata,DF,1986,9,30,24,Milan
125,Cristopher Toselli,GK,1988,6,22,4,Universidad Cat??lica
126,C??dric Djeugou??,DF,1992,8,28,3,Coton Sport
127,C??dric Si Mohamed,GK,1985,1,9,1,CS Constantine
128,C??sar Azpilicueta,DF,1989,8,28,6,Chelsea
129,DaMarcus Beasley,DF,1982,5,24,116,Puebla
130,Daley Blind,DF,1990,3,9,12,Ajax
131,Dani Alves,DF,1983,5,6,75,Barcelona
132,Daniel Cambronero,GK,1987,12,1,4,Herediano
133,Daniel Davari,GK,1988,1,6,4,Eintracht Braunschweig
134,Daniel Opare,DF,1990,10,18,16,Standard Li??ge
135,Daniel Sturridge,FW,1989,9,1,12,Liverpool
136,Daniel Van Buyten,DF,1978,2,7,79,Bayern Munich
137,Daniele De Rossi,MF,1983,7,24,95,Roma
138,Danijel Pranji?,DF,1981,12,2,50,Panathinaikos
139,Danijel Suba?i?,GK,1984,10,27,6,Monaco
140,Danny Welbeck,FW,1990,11,26,24,Manchester United
141,Dante,DF,1983,10,18,12,Bayern Munich
142,Dany Nounkeu,DF,1986,4,11,16,Be?ikta?
143,Darijo Srna,DF,1982,5,1,112,Shakhtar Donetsk
144,Dario Vido?i?,MF,1987,4,8,23,Sion
145,Daryl Janmaat,DF,1989,7,22,16,Feyenoord
146,David Luiz,DF,1987,4,22,36,Chelsea
147,David Myrie,DF,1988,6,1,10,Herediano
148,David Ospina,GK,1988,8,31,44,Nice
149,David Silva,MF,1986,1,8,80,Manchester City
150,David Villa,FW,1981,12,3,96,Atl??tico Madrid
151,David de Gea,GK,1990,11,7,1,Manchester United
152,DeAndre Yedlin,DF,1993,7,9,4,Seattle Sounders FC
153,Dejan Lovren,DF,1989,7,5,25,Southampton
154,Denis Glushakov,MF,1987,1,27,26,Spartak Moscow
155,Didier Drogba,FW,1978,3,11,101,Galatasaray
156,Didier Ya Konan,FW,1984,5,22,25,Hannover 96
157,Didier Zokora,DF,1980,12,14,119,Trabzonspor
158,Diego Benaglio,GK,1983,9,8,57,VfL Wolfsburg
159,Diego Calvo,MF,1991,3,25,10,V?lerenga
160,Diego Costa,FW,1988,10,7,2,Atl??tico Madrid
161,Diego Forl??n,FW,1979,5,19,110,Cerezo Osaka
162,Diego God??n,DF,1986,2,16,77,Atl??tico Madrid
163,Diego Lugano,DF,1980,11,2,94,West Bromwich Albion
164,Diego P??rez,MF,1980,5,18,89,Bologna
165,Diego Reyes,DF,1992,9,19,14,Porto
166,Dimitris Salpingidis,FW,1981,8,18,76,PAOK
167,Dirk Kuyt,FW,1980,7,22,98,Fenerbah?e
168,Divock Origi,FW,1995,4,18,2,Lille
169,Djamel Mesbah,DF,1984,10,9,26,Livorno
170,Dmitri Kombarov,DF,1987,1,22,22,Spartak Moscow
171,Domagoj Vida,DF,1989,4,29,23,Dynamo Kyiv
172,Donis Escober,GK,1980,2,3,26,Olimpia
173,Dries Mertens,FW,1987,5,6,25,Napoli
174,Edder Delgado,MF,1986,11,20,26,Real Espa?a
175,Eden Hazard,MF,1991,1,7,45,Chelsea
176,Edgar Salli,MF,1992,8,17,9,Lens
177,Edin D?eko,FW,1986,3,17,62,Manchester City
178,Edin Vi??a,FW,1990,2,17,10,?stanbul Ba?ak?ehir
179,Edinson Cavani,FW,1987,2,14,62,Paris Saint-Germain
180,Eduardo,FW,1983,2,25,63,Shakhtar Donetsk
181,Eduardo,GK,1982,9,19,34,Braga
182,Eduardo Vargas,FW,1989,11,20,30,Valencia
183,Efe Ambrose,DF,1988,10,18,37,Celtic
184,Egidio Ar??valo R??os,MF,1982,1,1,55,Morelia
185,Ehsan Hajsafi,MF,1990,2,25,62,Sepahan
186,Eiji Kawashima,GK,1983,3,20,56,Standard Li??ge
187,Ejike Uzoenyi,MF,1988,3,23,21,Enugu Rangers
188,El Arbi Hillel Soudani,FW,1987,11,25,22,Dinamo Zagreb
189,Eliaquim Mangala,DF,1991,2,13,3,Porto
190,Emilio Izaguirre,DF,1986,5,10,68,Celtic
191,Emir Spahi?,DF,1980,8,18,74,Bayer Leverkusen
192,Emmanuel Agyemang-Badu,MF,1990,12,2,49,Udinese
193,Emmanuel Emenike,FW,1987,5,10,23,Fenerbah?e
194,Enner Valencia,FW,1989,4,11,10,Pachuca
195,Enzo P??rez,MF,1986,2,22,7,Benfica
196,Eric Maxim Choupo-Moting,FW,1989,3,23,26,Mainz 05
197,Erik Durm,DF,1992,5,12,1,Borussia Dortmund
198,Ermin Bi?ak?i?,DF,1990,1,24,7,Eintracht Braunschweig
199,Essa?d Belkalem,DF,1989,1,1,13,Watford
200,Esteban Granados,MF,1985,10,25,11,Herediano
201,Esteban Paredes,FW,1980,8,1,35,Colo-Colo
202,Eugene Galekovi?,GK,1981,6,12,8,Adelaide United
203,Eugenio Mena,DF,1988,7,18,25,Santos
204,Eyong Enoh,MF,1986,3,23,38,Antalyaspor
205,Ezequiel Garay,DF,1986,10,10,18,Benfica
206,Ezequiel Lavezzi,FW,1985,5,3,31,Paris Saint-Germain
207,Fabian Johnson,DF,1987,12,11,22,1899 Hoffenheim
208,Fabian Sch?r,DF,1991,12,20,6,Basel
209,Fabi??n Orellana,MF,1986,1,27,26,Celta Vigo
210,Fabrice Olinga,FW,1996,5,12,8,Zulte Waregem
211,Faouzi Ghoulam,DF,1991,2,1,6,Napoli
212,Faryd Mondrag??n,GK,1971,6,21,50,Deportivo Cali
213,Fatau Dauda,GK,1985,4,6,18,Orlando Pirates
214,Federico Fern??ndez,DF,1989,2,21,26,Napoli
215,Felipe Caicedo,FW,1988,9,5,50,Al-Jazira
216,Felipe Guti??rrez,MF,1990,10,8,18,Twente
217,Fernandinho,MF,1985,5,4,7,Manchester City
218,Fernando Gago,MF,1986,4,10,49,Boca Juniors
219,Fernando Muslera,GK,1986,6,16,58,Galatasaray
220,Fernando Torres,FW,1984,3,20,107,Chelsea
221,Fidel Mart??nez,MF,1990,2,15,8,Tijuana
222,Francisco Javier Rodr??guez,DF,1981,10,20,95,Am??rica
223,Francisco Silva,MF,1986,2,11,12,Osasuna
224,Frank Lampard,MF,1978,6,20,105,Chelsea
225,Fraser Forster,GK,1988,3,17,2,Celtic
226,Fred,FW,1983,10,3,33,Fluminense
227,Fredy Guar??n,MF,1986,6,30,49,Internazionale
228,Frickson Erazo,DF,1988,5,5,37,Flamengo
229,F??bio Coentr?o,DF,1988,3,11,45,Real Madrid
230,Gabriel Achilier,DF,1985,3,24,23,Emelec
231,Gabriel Paletta,DF,1986,2,15,2,Parma
232,Gary Cahill,DF,1985,12,19,24,Chelsea
233,Gary Medel,DF,1987,8,3,61,Cardiff City
234,Gast??n Ram??rez,MF,1990,12,2,29,Southampton
235,Gelson Fernandes,MF,1986,9,2,47,SC Freiburg
236,Geoff Cameron,DF,1985,7,11,27,Stoke City
237,Georgi Shchennikov,DF,1991,4,27,4,CSKA Moscow
238,Georginio Wijnaldum,MF,1990,11,11,5,PSV
239,Georgios Samaras,FW,1985,2,21,74,Celtic
240,Gerard Piqu??,DF,1987,2,2,60,Barcelona
241,Gervinho,FW,1987,5,27,53,Roma
242,Ghasem Haddadifar,MF,1983,7,12,17,Zob Ahan
243,Giancarlo Gonz??lez,DF,1988,2,8,35,Columbus Crew
244,Gianluigi Buffon,GK,1978,1,28,140,Juventus
245,Giannis Fetfatzidis,MF,1990,12,21,19,Genoa
246,Giannis Maniatis,MF,1986,10,12,30,Olympiacos
247,Giorgio Chiellini,DF,1984,8,14,68,Juventus
248,Giorgos Karagounis,MF,1977,3,6,135,Fulham
249,Giorgos Tzavellas,DF,1987,11,26,13,PAOK
250,Giovani dos Santos,FW,1989,5,11,76,Villarreal
251,Giovanni Sio,FW,1989,3,31,7,Basel
252,Glen Johnson,DF,1984,8,23,52,Liverpool
253,Godfrey Oboabona,DF,1990,8,16,35,?aykur Rizespor
254,Gonzalo Higua??n,FW,1987,12,10,36,Napoli
255,Gonzalo Jara,DF,1985,8,29,65,Nottingham Forest
256,Gordon Schildenfeld,DF,1985,3,18,21,Panathinaikos
257,Graham Zusi,MF,1986,8,18,23,Sporting Kansas City
258,Granit Xhaka,MF,1992,9,27,26,Borussia M?nchengladbach
259,Guillermo Ochoa,GK,1985,7,13,59,Ajaccio
260,G?khan Inler,MF,1984,6,27,73,Napoli
261,G??toku Sakai,DF,1991,3,14,12,VfB Stuttgart
262,Ha Dae-sung,MF,1985,3,2,13,Beijing Guoan
263,Han Kook-young,MF,1990,4,19,10,Kashiwa Reysol
264,Haris Medunjanin,MF,1985,3,8,35,Gaziantepspor
265,Haris Seferovi?,FW,1992,2,22,11,Real Sociedad
266,Harrison Afful,DF,1986,6,24,41,Esp??rance
267,Hashem Beikzadeh,DF,1984,1,22,17,Esteghlal
268,Hassan Yebda,MF,1984,5,14,25,Udinese
269,Henri Bedimo,DF,1984,6,4,31,Lyon
270,Henrique,DF,1986,10,14,5,Napoli
271,Hernanes,MF,1985,5,29,24,Internazionale
272,Hiroki Sakai,DF,1990,4,12,18,Hannover 96
273,Hiroshi Kiyotake,MF,1989,11,12,25,1. FC N??rnberg
274,Hong Jeong-ho,DF,1989,8,12,25,FC Augsburg
275,Hossein Mahini,DF,1986,9,16,22,Persepolis
276,Hotaru Yamaguchi,MF,1990,10,6,12,Cerezo Osaka
277,Hugo Almeida,FW,1984,5,23,55,Be?ikta?
278,Hugo Campagnaro,DF,1980,6,27,15,Internazionale
279,Hugo Lloris,GK,1986,12,26,57,Tottenham Hotspur
280,Hulk,FW,1986,7,25,35,Zenit Saint Petersburg
281,Hwang Seok-ho,DF,1989,6,27,3,Sanfrecce Hiroshima
282,H??ctor Herrera,MF,1990,4,19,13,Porto
283,H??ctor Moreno,DF,1988,1,17,53,Espanyol
284,H??lder Postiga,FW,1982,8,2,69,Lazio
285,Ignazio Abate,DF,1986,11,12,20,Milan
286,Igor Akinfeev,GK,1986,4,8,68,CSKA Moscow
287,Igor Denisov,MF,1984,5,17,43,Dynamo Moscow
288,Iker Casillas,GK,1981,5,20,154,Real Madrid
289,Isa??c Brizuela,MF,1990,8,28,7,Toluca
290,Islam Slimani,FW,1988,6,18,20,Sporting CP
291,Isma?l Diomand??,MF,1992,8,28,2,Saint-?tienne
292,Ivan Franjic,DF,1987,9,10,9,Brisbane Roar
293,Ivan Peri?i?,MF,1989,2,2,29,VfL Wolfsburg
294,Ivan Rakiti?,MF,1988,3,10,62,Sevilla
295,Ivica Oli?,FW,1979,9,14,92,VfL Wolfsburg
296,Izet Hajrovi?,MF,1991,8,4,7,Galatasaray
297,Jack Wilshere,MF,1992,1,1,18,Arsenal
298,Jackson Mart??nez,FW,1986,10,3,27,Porto
299,Jaime Ayov??,FW,1988,2,21,30,Tijuana
300,Jalal Hosseini,DF,1982,2,3,85,Persepolis
301,James Holland,MF,1989,5,15,14,Austria Wien
302,James Milner,MF,1986,1,4,47,Manchester City
303,James Rodr??guez,MF,1991,7,12,22,Monaco
304,James Troisi,MF,1988,7,3,11,Melbourne Victory
305,Jan Vertonghen,DF,1987,4,24,56,Tottenham Hotspur
306,Jasmin Fejzi?,GK,1986,5,15,0,VfR Aalen
307,Jason Davidson,DF,1991,6,29,7,Heracles Almelo
308,Jasper Cillessen,GK,1989,4,22,8,Ajax
309,Javad Nekounam,MF,1980,10,7,140,Al-Kuwait
310,Javi Mart??nez,MF,1988,9,2,17,Bayern Munich
311,Javier Aquino,MF,1990,2,11,22,Villarreal
312,Javier Hern??ndez,FW,1988,6,1,62,Manchester United
313,Javier Mascherano,MF,1984,6,8,98,Barcelona
314,Jean Beausejour,MF,1984,6,3,59,Wigan Athletic
315,Jean Makoun,MF,1983,5,29,66,Rennes
316,Jean-Daniel Akpa-Akpro,DF,1992,10,11,1,Toulouse
317,Jefferson,GK,1983,1,2,9,Botafogo
318,Jefferson Montero,MF,1989,9,1,40,Morelia
319,Jeremain Lens,FW,1987,11,24,22,Dynamo Kyiv
320,Jermaine Jones,MF,1981,11,3,42,Be?ikta?
321,Jerry Bengtson,FW,1987,4,8,44,New England Revolution
322,Jerry Palacios,FW,1981,11,1,24,Alajuelense
323,Jes??s Corona,GK,1981,1,26,34,Cruz Azul
324,Ji Dong-won,FW,1991,5,28,28,FC Augsburg
325,Joao Rojas,MF,1989,6,14,30,Cruz Azul
326,Joe Hart,GK,1987,4,19,41,Manchester City
327,Joel Campbell,FW,1992,6,26,33,Olympiacos
328,Johan Djourou,DF,1987,1,18,44,Hamburger SV
329,John Boye,DF,1987,4,23,30,Rennes
330,John Brooks,DF,1993,1,28,4,Hertha BSC
331,John Obi Mikel,MF,1987,4,22,59,Chelsea
332,Johnny Acosta,DF,1983,7,21,25,Alajuelense
333,Johnny Herrera,GK,1981,5,9,8,Universidad de Chile
334,Jonathan Mensah,DF,1990,7,13,27,Evian
335,Jonathan de Guzm??n,MF,1987,9,13,10,Swansea City
336,Jordan Ayew,FW,1991,9,11,13,Sochaux
337,Jordan Henderson,MF,1990,6,17,11,Liverpool
338,Jordi Alba,DF,1989,3,21,26,Barcelona
339,Jordy Clasie,MF,1991,6,27,8,Feyenoord
340,Jorge Claros,MF,1986,1,8,49,Motagua
341,Jorge Fucile,DF,1984,11,19,42,Porto
342,Jorge Guagua,DF,1981,9,28,59,Emelec
343,Jorge Valdivia,MF,1983,10,3,57,Palmeiras
344,Joseph Yobo,DF,1980,9,6,97,Norwich City
345,Josip Drmi?,FW,1992,8,8,7,1. FC N??rnberg
346,Jos?? Gim??nez,DF,1995,1,20,6,Atl??tico Madrid
347,Jos?? Holebas,DF,1984,6,27,22,Olympiacos
348,Jos?? Juan V??zquez,MF,1988,3,14,5,Le??n
349,Jos?? Manuel Rojas,DF,1983,6,3,19,Universidad de Chile
350,Jos?? Mar??a Basanta,DF,1984,4,3,10,Monterrey
351,Jos?? Miguel Cubero,MF,1987,2,14,35,Herediano
352,Jos?? Pedro Fuenzalida,MF,1985,2,22,23,Colo-Colo
353,Jozy Altidore,FW,1989,11,6,70,Sunderland
354,Jo?o Moutinho,MF,1986,9,8,68,Monaco
355,Jo?o Pereira,DF,1984,2,25,36,Valencia
356,Jo?l Matip,MF,1991,8,8,23,Schalke 04
357,Jo?l Veltman,DF,1992,1,15,2,Ajax
358,Juan Camilo Z???iga,DF,1985,12,14,50,Napoli
359,Juan Carlos Garc??a,DF,1988,3,8,34,Wigan Athletic
360,Juan Carlos Paredes,DF,1987,7,8,38,Barcelona
361,Juan Cuadrado,MF,1988,5,26,28,Fiorentina
362,Juan Fernando Quintero,MF,1993,1,18,4,Porto
363,Juan Mata,MF,1988,4,28,33,Manchester United
364,Juan Pablo Montes,DF,1985,10,26,11,Motagua
365,Juanfran,DF,1985,1,9,8,Atl??tico Madrid
366,Julian Draxler,MF,1993,9,20,11,Schalke 04
367,Julian Green,MF,1995,6,6,2,Bayern Munich
368,Jung Sung-ryong,GK,1985,1,4,61,Suwon Bluewings
369,Juwon Oshaniwa,DF,1990,9,14,10,Ashdod
370,J??r?me Boateng,DF,1988,9,3,39,Bayern Munich
371,J?,FW,1987,3,20,17,Atl??tico Mineiro
372,J??lio C??sar,GK,1979,9,3,80,Toronto FC
373,J??nior D??az,DF,1983,9,12,62,Mainz 05
374,Karim Ansarifard,FW,1990,4,3,42,Tractor Sazi
375,Karim Benzema,FW,1987,12,19,66,Real Madrid
376,Keisuke Honda,MF,1986,6,13,56,Milan
377,Kenneth Omeruo,DF,1993,10,17,17,Middlesbrough
378,Kevin De Bruyne,MF,1991,6,28,21,VfL Wolfsburg
379,Kevin Gro?kreutz,DF,1988,7,19,5,Borussia Dortmund
380,Kevin Mirallas,MF,1987,10,5,44,Everton
381,Kevin-Prince Boateng,FW,1987,3,6,13,Schalke 04
382,Keylor Navas,GK,1986,12,15,53,Levante
383,Khosro Heydari,MF,1983,9,14,49,Esteghlal
384,Ki Sung-yueng,MF,1989,1,24,58,Sunderland
385,Kim Bo-kyung,MF,1989,10,6,28,Cardiff City
386,Kim Chang-soo,DF,1985,9,12,9,Kashiwa Reysol
387,Kim Seung-gyu,GK,1990,9,30,5,Ulsan Hyundai
388,Kim Shin-wook,FW,1988,4,14,27,Ulsan Hyundai
389,Kim Young-gwon,DF,1990,2,27,21,Guangzhou Evergrande
390,Klaas-Jan Huntelaar,FW,1983,8,12,62,Schalke 04
391,Koke,MF,1992,1,8,8,Atl??tico Madrid
392,Kolo Tour??,DF,1981,3,19,107,Liverpool
393,Konstantinos Mitroglou,FW,1988,3,12,32,Fulham
394,Koo Ja-cheol,MF,1989,2,27,37,Mainz 05
395,Kostas Katsouranis,MF,1979,6,21,111,PAOK
396,Kostas Manolas,DF,1991,6,14,9,Olympiacos
397,Kunle Odunlami,DF,1991,4,30,11,Sunshine Stars
398,Kwadwo Asamoah,MF,1988,12,9,62,Juventus
399,Kwak Tae-hwi,DF,1981,7,8,35,Al-Hilal
400,Kyle Beckerman,MF,1982,4,23,37,Real Salt Lake
401,Landry N'Gu??mo,MF,1985,11,28,40,Bordeaux
402,Laurent Ciman,DF,1985,8,5,8,Standard Li??ge
403,Laurent Koscielny,DF,1985,9,10,17,Arsenal
404,Lazaros Christodoulopoulos,MF,1986,12,19,19,Bologna
405,Lee Bum-young,GK,1989,4,2,0,Busan IPark
406,Lee Chung-yong,MF,1988,7,2,55,Bolton Wanderers
407,Lee Keun-ho,FW,1985,4,11,63,Sangju Sangmu
408,Lee Yong,DF,1986,12,24,12,Ulsan Hyundai
409,Leighton Baines,DF,1984,12,11,24,Everton
410,Leonardo Bonucci,DF,1987,5,1,37,Juventus
411,Leroy Fer,MF,1990,1,5,6,Norwich City
412,Liassine Cadamuro-Benta?ba,DF,1988,3,5,7,Mallorca
413,Lionel Messi,FW,1987,6,24,86,Barcelona
414,Lorenzo Insigne,FW,1991,6,4,5,Napoli
415,Loukas Vyntra,DF,1981,2,5,50,Levante
416,Lo?c Feudjou,GK,1992,4,14,2,Coton Sport
417,Lo?c R??my,FW,1987,1,2,25,Newcastle United
418,Lucas Biglia,MF,1986,1,30,18,Lazio
419,Lucas Digne,DF,1993,7,20,2,Paris Saint-Germain
420,Luis Garrido,MF,1990,11,5,20,Olimpia
421,Luis L??pez,GK,1993,9,13,0,Real Espa?a
422,Luis Saritama,MF,1983,10,20,49,Barcelona
423,Luis Su??rez,FW,1987,1,24,77,Liverpool
424,Luiz Gustavo,MF,1987,7,23,19,VfL Wolfsburg
425,Luka Modri?,MF,1985,9,9,75,Real Madrid
426,Lukas Podolski,FW,1985,6,4,114,Arsenal
427,Luke Shaw,DF,1995,7,12,2,Southampton
428,Lu??s Neto,DF,1988,5,26,9,Zenit Saint Petersburg
429,Madjid Bougherra,DF,1982,10,7,62,Lekhwiya
430,Maicon,DF,1981,7,26,72,Roma
431,Majeed Waris,FW,1991,9,19,13,Valenciennes
432,Makoto Hasebe,MF,1984,1,18,78,1. FC N??rnberg
433,Maksim Kanunnikov,FW,1991,7,14,2,Amkar Perm
434,Mamadou Sakho,DF,1990,2,13,19,Liverpool
435,Manabu Sait??,FW,1990,4,4,5,Yokohama F. Marinos
436,Manuel Neuer,GK,1986,3,27,45,Bayern Munich
437,Marcelo,DF,1988,5,12,31,Real Madrid
438,Marcelo Brozovi?,MF,1992,11,16,1,Dinamo Zagreb
439,Marcelo D??az,MF,1986,12,30,21,Basel
440,Marco Fabi??n,MF,1989,7,21,15,Cruz Azul
441,Marco Parolo,MF,1985,1,25,4,Parma
442,Marco Ure?a,FW,1990,3,5,24,Kuban Krasnodar
443,Marco Verratti,MF,1992,11,5,6,Paris Saint-Germain
444,Marcos Rojo,DF,1990,3,20,22,Sporting CP
445,Mariano And??jar,GK,1983,7,30,10,Catania
446,Mario Balotelli,FW,1990,8,12,30,Milan
447,Mario Gavranovi?,FW,1989,11,24,11,Z??rich
448,Mario G?tze,MF,1992,6,3,29,Bayern Munich
449,Mario Mand?uki?,FW,1986,5,21,50,Bayern Munich
450,Mario Mart??nez,MF,1989,7,30,37,Real Espa?a
451,Mario Yepes,DF,1976,1,13,98,Atalanta
452,Mark Bresciano,MF,1980,2,11,74,Al-Gharafa
453,Mark Milligan,MF,1985,8,4,29,Melbourne Victory
454,Marouane Fellaini,MF,1987,11,22,50,Manchester United
455,Mart??n C??ceres,DF,1987,4,7,57,Juventus
456,Mart??n Demichelis,DF,1980,12,20,38,Manchester City
457,Mart??n Silva,GK,1983,3,25,4,Vasco da Gama
458,Marvin Ch??vez,MF,1983,11,3,42,Chivas USA
459,Masahiko Inoha,DF,1983,8,28,21,Jubilo Iwata
460,Masato Morishige,DF,1987,5,21,10,FC Tokyo
461,Masoud Shojaei,MF,1984,6,9,50,Las Palmas
462,Massimo Luongo,MF,1992,9,25,1,Swindon Town
463,Mateo Kova?i?,MF,1994,5,6,10,Internazionale
464,Mathew Leckie,FW,1991,2,4,8,FSV Frankfurt
465,Mathew Ryan,GK,1992,4,8,7,Club Brugge
466,Mathieu Debuchy,DF,1985,7,28,21,Newcastle United
467,Mathieu Valbuena,MF,1984,9,28,34,Marseille
468,Mathis Bolly,FW,1990,11,14,4,Fortuna D??sseldorf
469,Mats Hummels,DF,1988,12,16,30,Borussia Dortmund
470,Matt Besler,DF,1987,2,11,17,Sporting Kansas City
471,Matt McKay,MF,1983,1,11,47,Brisbane Roar
472,Matteo Darmian,DF,1989,12,2,1,Torino
473,Matthew Spiranovic,DF,1988,6,27,18,Western Sydney Wanderers
474,Matthias Ginter,DF,1994,1,19,2,SC Freiburg
475,Mattia De Sciglio,DF,1992,10,20,11,Milan
476,Mattia Perin,GK,1992,11,10,0,Genoa
477,Mauricio Isla,MF,1988,6,12,47,Juventus
478,Mauricio Pinilla,FW,1984,2,4,27,Cagliari
479,Max Gradel,FW,1987,11,30,26,Saint-?tienne
480,Maxi Pereira,DF,1984,6,8,90,Benfica
481,Maxi Rodr??guez,MF,1981,1,2,55,Newell's Old Boys
482,Maxwell,DF,1981,8,27,9,Paris Saint-Germain
483,Maya Yoshida,DF,1988,8,24,41,Southampton
484,Maynor Figueroa,DF,1983,5,2,105,Hull City
485,Medhi Lacen,MF,1984,5,15,30,Getafe
486,Mehdi Mostefa,MF,1983,8,30,23,Ajaccio
487,Mehrdad Pouladi,DF,1987,2,26,20,Persepolis
488,Memphis Depay,FW,1994,2,13,6,PSV
489,Mensur Mujd?a,DF,1984,3,28,24,SC Freiburg
490,Mesut ?zil,MF,1988,10,15,55,Arsenal
491,Michael Arroyo,MF,1987,4,23,21,Atlante
492,Michael Babatunde,MF,1992,12,24,5,Volyn Lutsk
493,Michael Barrantes,MF,1983,10,4,50,Aalesund
494,Michael Bradley,MF,1987,7,31,86,Toronto FC
495,Michael Essien,MF,1982,12,3,57,Milan
496,Michael Lang,DF,1991,2,8,6,Grasshopper
497,Michael Uchebo,FW,1990,2,2,4,Cercle Brugge
498,Michael Uma?a,DF,1982,7,16,83,Saprissa
499,Michel Vorm,GK,1983,10,20,14,Swansea City
500,Micka?l Landreau,GK,1979,5,14,11,Bastia
501,Miguel Lay??n,DF,1988,6,25,15,Am??rica
502,Miguel Veloso,MF,1986,5,11,49,Dynamo Kyiv
503,Miguel ?ngel Ponce,DF,1989,4,12,8,Toluca
504,Miiko Albornoz,DF,1990,11,30,2,Malm? FF
505,Milan Badelj,MF,1989,2,25,9,Hamburger SV
506,Mile Jedinak,MF,1984,8,3,44,Crystal Palace
507,Miralem Pjani?,MF,1990,4,2,48,Roma
508,Miroslav Klose,FW,1978,6,9,132,Lazio
509,Mitchell Langerak,GK,1988,8,22,3,Borussia Dortmund
510,Mix Diskerud,MF,1990,10,2,20,Rosenborg
511,Mohamed Zemmamouche,GK,1985,3,19,7,USM Alger
512,Mohammed Rabiu,MF,1989,12,31,17,Kuban Krasnodar
513,Morgan Schneiderlin,MF,1989,11,8,1,Southampton
514,Moussa Demb??l??,MF,1987,7,16,57,Tottenham Hotspur
515,Moussa Sissoko,MF,1989,8,16,17,Newcastle United
516,Muhamed Be?i?,DF,1992,9,10,9,Ferencv??ros
517,M??ximo Banguera,GK,1985,12,16,25,Barcelona
518,Nabil Bentaleb,MF,1994,11,24,3,Tottenham Hotspur
519,Nabil Ghilas,FW,1990,4,20,5,Porto
520,Nacer Chadli,MF,1989,10,2,20,Tottenham Hotspur
521,Nani,MF,1986,11,17,75,Manchester United
522,Neymar,FW,1992,2,5,49,Barcelona
523,Nick Rimando,GK,1979,6,17,14,Real Salt Lake
524,Nicolas Lombaerts,DF,1985,3,20,25,Zenit Saint Petersburg
525,Nicolas Nkoulou,DF,1990,3,27,48,Marseille
526,Nicol??s Lodeiro,MF,1989,3,21,26,Botafogo
527,Nigel de Jong,MF,1984,11,30,71,Milan
528,Nikica Jelavi?,FW,1985,8,27,33,Hull City
529,Noel Valladares,GK,1977,5,3,122,Olimpia
530,Ogenyi Onazi,MF,1992,12,25,21,Lazio
531,Ognjen Vranje?,DF,1989,10,24,13,Elaz??spor
532,Ognjen Vukojevi?,MF,1983,12,20,55,Dynamo Kyiv
533,Oleg Shatov,MF,1990,7,29,7,Zenit Saint Petersburg
534,Oliver Bozanic,MF,1989,1,8,3,Luzern
535,Oliver Zelenika,GK,1993,5,14,0,Lokomotiva
536,Olivier Giroud,FW,1986,9,30,30,Arsenal
537,Omar Gonzalez,DF,1988,10,11,20,Los Angeles Galaxy
538,Orestis Karnezis,GK,1985,7,11,19,Granada
539,Oribe Peralta,FW,1984,1,12,33,Santos Laguna
540,Oscar,MF,1991,9,9,31,Chelsea
541,Osman Ch??vez,DF,1984,7,29,54,Qingdao Jonoon
542,Oswaldo Minda,MF,1983,7,26,18,Chivas USA
543,Ousmane Viera,DF,1986,12,21,1,?aykur Rizespor
544,Pablo Armero,DF,1986,11,2,53,West Ham United
545,Pablo Zabaleta,DF,1985,1,16,36,Manchester City
546,Panagiotis Glykos,GK,1986,6,3,2,PAOK
547,Panagiotis Kone,MF,1987,7,26,16,Bologna
548,Panagiotis Tachtsidis,MF,1991,2,15,6,Torino
549,Park Chu-young,FW,1985,7,10,64,Watford
550,Park Jong-woo,MF,1989,3,10,10,Guangzhou R&F
551,Park Joo-ho,DF,1987,1,16,14,Mainz 05
552,Patrice Evra,DF,1981,5,15,58,Manchester United
553,Patrick Pemberton,GK,1982,4,24,21,Alajuelense
554,Paul Aguilar,DF,1986,3,6,30,Am??rica
555,Paul Pogba,MF,1993,3,15,11,Juventus
556,Paul Verhaegh,DF,1983,9,1,2,FC Augsburg
557,Paulinho,MF,1988,7,25,26,Tottenham Hotspur
558,Pavel Mogilevets,MF,1993,1,25,1,Rubin Kazan
559,Pedro,FW,1987,7,28,40,Barcelona
560,Pejman Montazeri,DF,1983,9,6,22,Umm Salal
561,Pepe,DF,1983,2,26,58,Real Madrid
562,Pepe Reina,GK,1982,8,31,32,Napoli
563,Per Mertesacker,DF,1984,9,29,98,Arsenal
564,Peter Odemwingie,FW,1981,7,15,61,Stoke City
565,Phil Jagielka,DF,1982,8,17,26,Everton
566,Phil Jones,DF,1992,2,21,10,Manchester United
567,Philipp Lahm,DF,1983,11,11,106,Bayern Munich
568,Philippe Senderos,DF,1985,2,14,53,Valencia
569,Pierre Web??,FW,1982,1,20,56,Fenerbah?e
570,Rafa Silva,MF,1993,5,17,3,Braga
571,Rafael M??rquez,DF,1979,2,13,120,Le??n
572,Rafik Halliche,DF,1986,9,2,29,Acad??mica de Coimbra
573,Raheem Sterling,MF,1994,12,8,4,Liverpool
574,Rahman Ahmadi,GK,1980,7,30,10,Sepahan
575,Ramires,MF,1987,3,24,42,Chelsea
576,Ramon Azeez,MF,1992,12,12,2,Almer??a
577,Randall Brenes,FW,1983,8,13,39,Cartagin??s
578,Rapha?l Varane,DF,1993,4,25,6,Real Madrid
579,Rashid Sumaila,DF,1992,12,18,6,Mamelodi Sundowns
580,Raul Meireles,MF,1983,3,17,74,Fenerbah?e
581,Ra?s M'Bolhi,GK,1986,4,25,28,CSKA Sofia
582,Ra??l Albiol,DF,1985,9,4,46,Napoli
583,Ra??l Jim??nez,FW,1991,5,5,25,Am??rica
584,Renato Ibarra,MF,1991,1,20,18,Vitesse
585,Reto Ziegler,DF,1986,1,16,35,Sassuolo
586,Reuben Gabriel,MF,1990,9,25,11,Waasland-Beveren
587,Reza Ghoochannejhad,FW,1987,9,20,14,Charlton Athletic
588,Reza Haghighi,MF,1989,2,1,8,Persepolis
589,Ricardo Costa,DF,1981,5,16,19,Valencia
590,Ricardo Rodr??guez,DF,1992,8,25,21,VfL Wolfsburg
591,Rickie Lambert,FW,1982,2,16,6,Southampton
592,Ricky ?lvarez,MF,1988,4,12,7,Internazionale
593,Rio Mavuba,MF,1984,3,8,12,Lille
594,Riyad Mahrez,MF,1991,2,21,2,Leicester City
595,Robin van Persie,FW,1983,8,6,85,Manchester United
596,Rodrigo Mu?oz,GK,1982,1,22,0,Libertad
597,Rodrigo Palacio,FW,1982,2,5,22,Internazionale
598,Roger Espinoza,MF,1986,10,25,42,Wigan Athletic
599,Roman B??rki,GK,1990,11,14,0,Grasshopper
600,Roman Weidenfeller,GK,1980,8,6,3,Borussia Dortmund
601,Romelu Lukaku,FW,1993,5,13,29,Everton
602,Ron Vlaar,DF,1985,2,16,24,Aston Villa
603,Ron-Robert Zieler,GK,1989,2,12,3,Hannover 96
604,Rony Mart??nez,FW,1988,10,16,12,Real Sociedad
605,Ross Barkley,MF,1993,12,5,6,Everton
606,Roy Miller,DF,1984,11,24,48,New York Red Bulls
607,Rui Patr??cio,GK,1988,2,15,30,Sporting CP
608,Ryan McGowan,DF,1989,8,15,9,Shandong Luneng Taishan
609,R??my Cabella,MF,1990,3,8,1,Montpellier
610,R??ben Amorim,MF,1985,1,27,13,Benfica
611,Salomon Kalou,FW,1985,8,5,67,Lille
612,Salvatore Sirigu,GK,1987,1,12,8,Paris Saint-Germain
613,Sami Khedira,MF,1987,4,4,46,Real Madrid
614,Sammir,MF,1987,4,23,6,Getafe
615,Sammy Bossut,GK,1985,8,11,0,Zulte Waregem
616,Sammy N'Djock,GK,1990,2,25,3,Fethiyespor
617,Samuel Eto'o,FW,1981,3,10,117,Chelsea
618,Samuel Inkoom,DF,1989,6,1,46,Platanias
619,Santi Cazorla,MF,1984,12,13,64,Arsenal
620,Santiago Arias,DF,1992,1,13,6,PSV
621,Saphir Ta?der,MF,1992,2,29,11,Internazionale
622,Sayouba Mand??,GK,1993,6,15,1,Stab?k
623,Sead Kola?inac,DF,1993,6,20,4,Schalke 04
624,Sebasti??n Coates,DF,1990,10,7,15,Nacional
625,Sejad Salihovi?,MF,1984,10,8,42,1899 Hoffenheim
626,Senad Luli?,MF,1986,1,18,33,Lazio
627,Senijad Ibri?i?,MF,1985,9,26,42,Kayseri Erciyesspor
628,Serey Die,MF,1984,11,7,7,Basel
629,Serge Aurier,DF,1992,12,24,8,Toulouse
630,Sergei Ignashevich,DF,1979,7,14,96,CSKA Moscow
631,Sergey Ryzhikov,GK,1980,9,19,1,Rubin Kazan
632,Sergio Ag??ero,FW,1988,6,2,51,Manchester City
633,Sergio Busquets,MF,1988,7,16,65,Barcelona
634,Sergio Ramos,DF,1986,3,30,117,Real Madrid
635,Sergio Romero,GK,1987,2,22,47,Monaco
636,Shinji Kagawa,MF,1989,3,17,57,Manchester United
637,Shinji Okazaki,FW,1986,4,16,76,Mainz 05
638,Shkodran Mustafi,DF,1992,4,17,1,Sampdoria
639,Shola Ameobi,FW,1981,10,12,7,Newcastle United
640,Shusaku Nishikawa,GK,1986,6,18,13,Urawa Red Diamonds
641,Sh??ichi Gonda,GK,1989,3,3,2,FC Tokyo
642,Silvestre Varela,MF,1985,2,2,24,Porto
643,Simon Mignolet,GK,1988,8,6,14,Liverpool
644,Sofiane Feghouli,MF,1989,12,26,19,Valencia
645,Sokratis Papastathopoulos,DF,1988,6,9,47,Borussia Dortmund
646,Sol Bamba,DF,1985,1,13,43,Trabzonspor
647,Son Heung-min,FW,1992,7,8,25,Bayer Leverkusen
648,Stefan de Vrij,DF,1992,2,5,12,Feyenoord
649,Stefanos Kapino,GK,1994,3,18,2,Panathinaikos
650,Stephan Lichtsteiner,DF,1984,1,16,63,Juventus
651,Stephen Adams,GK,1989,9,28,7,Aduana Stars
652,Steve von Bergen,DF,1983,6,10,41,Young Boys
653,Steven Beitashour,DF,1987,2,1,6,Vancouver Whitecaps FC
654,Steven Defour,MF,1988,4,15,43,Porto
655,Steven Gerrard,MF,1980,5,30,111,Liverpool
656,Stipe Pletikosa,GK,1979,1,8,111,Rostov
657,St??phane Mbia,MF,1986,5,20,49,Sevilla
658,St??phane Ruffier,GK,1986,9,27,2,Saint-?tienne
659,Sulley Muntari,MF,1984,8,27,82,Milan
660,Sylvain Gbohouo,GK,1988,10,29,2,S??w?? Sport
661,Terence Kongolo,DF,1994,2,14,1,Feyenoord
662,Te??filo Guti??rrez,FW,1985,5,17,30,River Plate
663,Theofanis Gekas,FW,1980,5,23,72,Konyaspor
664,Thiago Motta,MF,1982,8,28,20,Paris Saint-Germain
665,Thiago Silva,DF,1984,9,22,46,Paris Saint-Germain
666,Thibaut Courtois,GK,1992,5,11,17,Atl??tico Madrid
667,Thomas M??ller,FW,1989,9,13,49,Bayern Munich
668,Thomas Vermaelen,DF,1985,11,14,47,Arsenal
669,Tim Cahill,FW,1979,12,6,69,New York Red Bulls
670,Tim Howard,GK,1979,3,6,100,Everton
671,Tim Krul,GK,1988,4,3,5,Newcastle United
672,Timothy Chandler,DF,1990,3,29,13,1. FC N??rnberg
673,Tino-Sven Su?i?,MF,1992,2,13,2,Hajduk Split
674,Toby Alderweireld,DF,1989,3,2,34,Atl??tico Madrid
675,Tommy Oar,MF,1991,12,10,15,Utrecht
676,Toni Kroos,MF,1990,1,4,44,Bayern Munich
677,Toni ?unji?,DF,1988,12,15,8,Zorya Luhansk
678,Toshihiro Aoyama,MF,1986,2,22,6,Sanfrecce Hiroshima
679,Tranquillo Barnetta,MF,1985,5,22,74,Eintracht Frankfurt
680,Uche Nwofor,FW,1991,9,17,6,Heerenveen
681,Valentin Stocker,MF,1989,4,12,24,Basel
682,Valon Behrami,MF,1985,4,19,48,Napoli
683,Vangelis Moras,DF,1981,8,26,19,Hellas Verona
684,Vasili Berezutski,DF,1982,6,20,78,CSKA Moscow
685,Vasilis Torosidis,DF,1985,6,10,66,Roma
686,Vedad Ibi?evi?,FW,1984,8,6,55,VfB Stuttgart
687,Vedran ?orluka,DF,1986,2,5,72,Lokomotiv Moscow
688,Victor,GK,1983,1,21,6,Atl??tico Mineiro
689,Victor Moses,MF,1990,12,12,22,Liverpool
690,Vieirinha,MF,1986,1,24,9,VfL Wolfsburg
691,Viktor Fayzulin,MF,1986,4,22,19,Zenit Saint Petersburg
692,Vincent Aboubakar,FW,1992,1,22,24,Lorient
693,Vincent Enyeama,GK,1982,8,29,91,Lille
694,Vincent Kompany,DF,1986,4,10,59,Manchester City
695,Vladimir Granat,DF,1987,5,22,5,Dynamo Moscow
696,V??ctor Bern??rdez,DF,1982,5,24,78,San Jose Earthquakes
697,V??ctor Ibarbo,FW,1990,5,19,9,Cagliari
698,Wakaso Mubarak,MF,1990,7,25,17,Rubin Kazan
699,Walter Ayov??,DF,1979,8,11,90,Pachuca
700,Walter Gargano,MF,1984,7,23,63,Parma
701,Waylon Francis,DF,1990,9,20,1,Columbus Crew
702,Wayne Rooney,FW,1985,10,24,92,Manchester United
703,Wesley Sneijder,MF,1984,6,9,99,Galatasaray
704,Wilfried Bony,FW,1988,12,10,24,Swansea City
705,William Carvalho,MF,1992,4,7,4,Sporting CP
706,Willian,MF,1988,8,9,7,Chelsea
707,Wilson Palacios,MF,1984,7,29,95,Stoke City
708,Xabi Alonso,MF,1981,11,25,111,Real Madrid
709,Xavi,MF,1980,1,25,132,Barcelona
710,Xherdan Shaqiri,MF,1991,10,10,33,Bayern Munich
711,Yacine Brahimi,MF,1990,2,8,6,Granada
712,Yann Sommer,GK,1988,12,17,6,Basel
713,Yasuhito End??,MF,1980,1,28,144,Gamba Osaka
714,Yasuyuki Konno,DF,1983,1,25,81,Gamba Osaka
715,Yaya Tour??,MF,1983,5,13,82,Manchester City
716,Yeltsin Tejeda,MF,1992,3,17,22,Saprissa
717,Yohan Cabaye,MF,1986,1,14,30,Paris Saint-Germain
718,Yoichiro Kakitani,FW,1990,1,3,12,Cerezo Osaka
719,Yoshito ?kubo,FW,1982,6,9,57,Kawasaki Frontale
720,Yun Suk-young,DF,1990,2,13,4,Queens Park Rangers
721,Yuri Lodygin,GK,1990,5,26,3,Zenit Saint Petersburg
722,Yuri Zhirkov,FW,1983,8,20,60,Dynamo Moscow
723,Yuto Nagatomo,DF,1986,9,12,70,Internazionale
724,Yuya Osako,FW,1990,5,18,9,1860 Munich
725,Zvjezdan Misimovi?,MF,1982,6,5,81,Guizhou Renhe
726,?lvaro Gonz??lez,MF,1984,10,29,43,Lazio
727,?lvaro Pereira,MF,1985,11,28,57,S?o Paulo
728,?ngel Di Mar??a,MF,1988,2,14,47,Real Madrid
729,?der,FW,1987,12,22,8,Braga
730,?der ?lvarez Balanta,DF,1993,2,28,3,River Plate
731,?dison M??ndez,MF,1979,3,16,110,Santa Fe
732,?scar Bag????,DF,1982,12,10,21,Emelec
733,?scar Boniek Garc??a,MF,1984,9,4,92,Houston Dynamo
734,?scar Duarte,DF,1989,6,3,11,Club Brugge
735,?ime Vrsaljko,DF,1992,1,10,7,Genoa
